buyer_id,brand_name,email,website,niche,contact_page,brand_clean,niche_clean,valid_email,lead_label
2317,Clothing Brand 161,info161@clothing161.example.com,https://clothing161.example.com,clothing,https://clothing161.example.com/contact,clothing brand 161,clothing,True,1
2318,Bags Brand 162,info162@bags162.example.com,,bags,https://bags162.example.com/contact,bags brand 162,bags,True,0
2319,Beauty Brand 163,info163@beauty163.example.com,https://beauty163.example.com,beauty,https://beauty163.example.com/contact,beauty brand 163,beauty,True,0
2321,Sportswear Brand 165,info165@sportswear165.example.com,https://sportswear165.example.com,sportswear,https://sportswear165.example.com/contact,sportswear brand 165,sportswear,True,1
2322,Headwear Brand 166,info166@headwear166.example.com,https://headwear166.example.com,headwear,https://headwear166.example.com/contact,headwear brand 166,headwear,True,1
2323,Clothing Brnd 167,,https://clothing167.example.com,clothing,https://clothing167.example.com/contact,clothing brnd 167,clothing,False,1
2324,Sportswr Brnd 168,info168@sportswear168.example.com,https://sportswear168.example.com,sportswear,https://sportswear168.example.com/contact,sportswr brnd 168,sportswear,True,1
2325,Sportswear Brand 169,info169@sportswear169.example.com,https://sportswear169.example.com,sportswear,https://sportswear169.example.com/contact,sportswear brand 169,sportswear,True,1
2326,Clothing Brand 170,contact@,https://clothing170.example.com,clothing,,clothing brand 170,clothing,False,1
2327,Fashion Brand 171,info171@fashion171.example.com,https://fashion171.example.com,fashion,https://fashion171.example.com/contact,fashion brand 171,fashion,True,1
2328,Skincare Brand 172,info172@skincare172.example.com,https://skincare172.example.com,skincare,https://skincare172.example.com/contact,skincare brand 172,skincare,True,0
2329,Sportswear Brand 173,info173@sportswear173.example.com,https://sportswear173.example.com,sportswear,https://sportswear173.example.com/contact,sportswear brand 173,sportswear,True,1
2330,Skincare Brand 174,info174@skincare174.example.com,https://skincare174.example.com,skincare,https://skincare174.example.com/contact,skincare brand 174,skincare,True,0
2331,Beauty Brand 175,info175@beauty175.example.com,https://beauty175.example.com,beauty,https://beauty175.example.com/contact,beauty brand 175,beauty,True,0
2332,Headwear Brand 176,,https://headwear176.example.com,beauty,,headwear brand 176,beauty,False,1
2333,Shoes Brand 177,info177@shoes177.example.com,https://shoes177.example.com,shoes,https://shoes177.example.com/contact,shoes brand 177,shoes,True,0
2334,Beauty Brand 178,info178@beauty178.example.com,https://beauty178.example.com,pets,https://beauty178.example.com/contact,beauty brand 178,pets,True,0
2335,Buty Brnd 179,info179@beauty179.example.com,https://beauty179.example.com,beauty,https://beauty179.example.com/contact,buty brnd 179,beauty,True,0
2336,Jewellery Brand 180,info180@jewellery180.example.com,https://jewellery180.example.com,jewellery,https://jewellery180.example.com/contact,jewellery brand 180,jewellery,True,0
2337,Shoes Brand 181,info181@shoes181.example.com,https://shoes181.example.com,shoes,https://shoes181.example.com/contact,shoes brand 181,shoes,True,0
2338,Shoes Brand 182,info182@shoes182.example.com,https://shoes182.example.com,shoes,,shoes brand 182,shoes,True,0
2339,Jwllry Brnd 183,info183@jewellery183.example.com,https://jewellery183.example.com,jewellery,https://jewellery183.example.com/contact,jwllry brnd 183,jewellery,True,0
2340,Buty Brnd 184,info184@beauty184.example.com,https://beauty184.example.com,beauty,https://beauty184.example.com/contact,buty brnd 184,beauty,True,0
2341,Shoes Brand 185,info185@shoes185.example.com,https://shoes185.example.com,shoes,https://shoes185.example.com/contact,shoes brand 185,shoes,True,0
2342,Beauty Brand 186,info186@beauty186.example.com,https://beauty186.example.com,beauty,https://beauty186.example.com/contact,beauty brand 186,beauty,True,0
2343,Headwear Brand 187,info187@headwear187.example.com,https://headwear187.example.com,headwear,https://headwear187.example.com/contact,headwear brand 187,headwear,True,1
2344,Jewellery Brand 188,info188@jewellery188.example.com,https://jewellery188.example.com,beauty,https://jewellery188.example.com/contact,jewellery brand 188,beauty,True,0
2345,Jewellery Brand 189,info189@jewellery189.example.com,https://jewellery189.example.com,jewellery,https://jewellery189.example.com/contact,jewellery brand 189,jewellery,True,0
2346,Clothing Brand 190,info190@clothing190.example.com,https://clothing190.example.com,clothing,,clothing brand 190,clothing,True,1
2347,Bags Brand 191,info191@bags191.example.com,https://bags191.example.com,beauty,https://bags191.example.com/contact,bags brand 191,beauty,True,0
2348,Sportswear Brand 192,info192@sportswear192.example.com,https://sportswear192.example.com,sportswear,https://sportswear192.example.com/contact,sportswear brand 192,sportswear,True,1
2349,Skincare Brand 193,info193@skincare193.example.com,https://skincare193.example.com,skincare,https://skincare193.example.com/contact,skincare brand 193,skincare,True,0
2350,Bags Brand 194,info194@bags194.example.com,https://bags194.example.com,bags,https://bags194.example.com/contact,bags brand 194,bags,True,0
2351,Bgs Brnd 195,info195@bags195.example.com,https://bags195.example.com,bags,https://bags195.example.com/contact,bgs brnd 195,bags,True,0
2352,Clothing Brand 196,info196@clothing196.example.com,https://clothing196.example.com,clothing,https://clothing196.example.com/contact,clothing brand 196,clothing,True,1
2353,Sportswear Brand 197,info197@sportswear197.example.com,https://sportswear197.example.com,sportswear,https://sportswear197.example.com/contact,sportswear brand 197,sportswear,True,1
2354,Clothing Brand 198,info198@clothing198.example.com,https://clothing198.example.com,clothing,https://clothing198.example.com/contact,clothing brand 198,clothing,True,1
2355,Clothing Brand 199,info199@clothing199.example.com,https://clothing199.example.com,beauty,https://clothing199.example.com/contact,clothing brand 199,beauty,True,1
2356,Bags Brand 200,info200@bags200.example.com,https://bags200.example.com,bags,,bags brand 200,bags,True,0
2357,Clothing Brand 201,user_at_mail.com,https://clothing201.example.com,clothing,https://clothing201.example.com/contact,clothing brand 201,clothing,False,1
2358,Sportswear Brand 202,info202@sportswear202.example.com,https://sportswear202.example.com,sportswear,https://sportswear202.example.com/contact,sportswear brand 202,sportswear,True,1
2359,Sportswear Brand 203,info203@sportswear203.example.com,https://sportswear203.example.com,sportswear,https://sportswear203.example.com/contact,sportswear brand 203,sportswear,True,1
2360,Bags Brand 204,info204@bags204.example.com,https://bags204.example.com,bags,https://bags204.example.com/contact,bags brand 204,bags,True,0
2361,Headwear Brand 205,info205@headwear205.example.com,https://headwear205.example.com,pets,https://headwear205.example.com/contact,headwear brand 205,pets,True,1
2363,Shoes Brand 207,info207@shoes207.example.com,https://shoes207.example.com,shoes,https://shoes207.example.com/contact,shoes brand 207,shoes,True,0
2364,Hdwr Brnd 208,info208@headwear208.example.com,https://headwear208.example.com,headwear,https://headwear208.example.com/contact,hdwr brnd 208,headwear,True,1
2365,Fashion Brand 209,info209@fashion209.example.com,https://fashion209.example.com,fashion,https://fashion209.example.com/contact,fashion brand 209,fashion,True,1
2366,Bags Brand 210,info210@bags210.example.com,https://bags210.example.com,bags,https://bags210.example.com/contact,bags brand 210,bags,True,0
2367,Buty Brnd 211,info211@beauty211.example.com,https://beauty211.example.com,beauty,https://beauty211.example.com/contact,buty brnd 211,beauty,True,0
2368,Headwear Brand 212,info212@headwear212.example.com,https://headwear212.example.com,headwear,https://headwear212.example.com/contact,headwear brand 212,headwear,True,1
2369,Sportswear Brand 213,info213@sportswear213.example.com,https://sportswear213.example.com,sportswear,https://sportswear213.example.com/contact,sportswear brand 213,sportswear,True,1
2370,Skincare Brand 214,info214@skincare214.example.com,https://skincare214.example.com,skincare,https://skincare214.example.com/contact,skincare brand 214,skincare,True,0
2372,Sportswear Brand 216,info216@sportswear216.example.com,https://sportswear216.example.com,sportswear,https://sportswear216.example.com/contact,sportswear brand 216,sportswear,True,1
2373,Clothing Brand 217,info217@clothing217.example.com,https://clothing217.example.com,clothing,https://clothing217.example.com/contact,clothing brand 217,clothing,True,1
2374,Jewellery Brand 218,,https://jewellery218.example.com,jewellery,,jewellery brand 218,jewellery,False,0
2375,Jewellery Brand 219,info219@jewellery219.example.com,https://jewellery219.example.com,jewellery,https://jewellery219.example.com/contact,jewellery brand 219,jewellery,True,0
2376,Fashion Brand 220,info220@fashion220.example.com,https://fashion220.example.com,fashion,https://fashion220.example.com/contact,fashion brand 220,fashion,True,1
2377,Skincare Brand 221,info221@skincare221.example.com,https://skincare221.example.com,skincare,https://skincare221.example.com/contact,skincare brand 221,skincare,True,0
2378,Jewellery Brand 222,info222@jewellery222.example.com,https://jewellery222.example.com,jewellery,https://jewellery222.example.com/contact,jewellery brand 222,jewellery,True,0
2379,Jewellery Brand 223,info223@jewellery223.example.com,https://jewellery223.example.com,jewellery,https://jewellery223.example.com/contact,jewellery brand 223,jewellery,True,0
2380,Sportswr Brnd 224,info224@sportswear224.example.com,https://sportswear224.example.com,sportswear,https://sportswear224.example.com/contact,sportswr brnd 224,sportswear,True,1
2381,Beauty Brand 225,info225@beauty225.example.com,https://beauty225.example.com,beauty,https://beauty225.example.com/contact,beauty brand 225,beauty,True,0
2382,Clothing Brand 226,info226@clothing226.example.com,https://clothing226.example.com,clothing,https://clothing226.example.com/contact,clothing brand 226,clothing,True,1
2383,Headwear Brand 227,info227@headwear227.example.com,https://headwear227.example.com,headwear,https://headwear227.example.com/contact,headwear brand 227,headwear,True,1
2384,Clothing Brand 228,info228@clothing228.example.com,https://clothing228.example.com,clothing,,clothing brand 228,clothing,True,1
2385,Beauty Brand 229,info229@beauty229.example.com,https://beauty229.example.com,beauty,https://beauty229.example.com/contact,beauty brand 229,beauty,True,0
2386,Headwear Brand 230,info230@headwear230.example.com,https://headwear230.example.com,headwear,https://headwear230.example.com/contact,headwear brand 230,headwear,True,1
2387,Clothing Brnd 231,info231@clothing231.example.com,https://clothing231.example.com,clothing,https://clothing231.example.com/contact,clothing brnd 231,clothing,True,1
2389,Beauty Brand 233,info233@beauty233.example.com,https://beauty233.example.com,beauty,https://beauty233.example.com/contact,beauty brand 233,beauty,True,0
2390,Shoes Brand 234,info234@shoes234.example.com,https://shoes234.example.com,shoes,https://shoes234.example.com/contact,shoes brand 234,shoes,True,0
2391,Bags Brand 235,info235@bags235.example.com,https://bags235.example.com,bags,https://bags235.example.com/contact,bags brand 235,bags,True,0
2393,Skincare Brand 237,contact@,https://skincare237.example.com,skincare,,skincare brand 237,skincare,False,0
2394,Bags Brand 238,info238@bags238.example.com,https://bags238.example.com,bags,https://bags238.example.com/contact,bags brand 238,bags,True,0
2395,Clothing Brand 239,invalidemail,https://clothing239.example.com,clothing,https://clothing239.example.com/contact,clothing brand 239,clothing,False,1
2396,Headwear Brand 240,info240@headwear240.example.com,https://headwear240.example.com,headwear,https://headwear240.example.com/contact,headwear brand 240,headwear,True,1
2397,Skincare Brand 241,info241@skincare241.example.com,https://skincare241.example.com,skincare,https://skincare241.example.com/contact,skincare brand 241,skincare,True,0
2398,Fashion Brand 242,info242@fashion242.example.com,https://fashion242.example.com,fashion,,fashion brand 242,fashion,True,1
2399,Fashion Brand 243,info243@fashion243.example.com,https://fashion243.example.com,fashion,https://fashion243.example.com/contact,fashion brand 243,fashion,True,1
2400,Bags Brand 244,info244@bags244.example.com,https://bags244.example.com,electronics,https://bags244.example.com/contact,bags brand 244,electronics,True,0
2401,Fashion Brand 245,info245@fashion245.example.com,https://fashion245.example.com,fashion,https://fashion245.example.com/contact,fashion brand 245,fashion,True,1
2403,Clothing Brand 247,info247@clothing247.example.com,https://clothing247.example.com,clothing,https://clothing247.example.com/contact,clothing brand 247,clothing,True,1
2404,Sportswear Brand 248,contact@,https://sportswear248.example.com,sportswear,,sportswear brand 248,sportswear,False,1
2405,Fashion Brand 249,user_at_mail.com,https://fashion249.example.com,fashion,https://fashion249.example.com/contact,fashion brand 249,fashion,False,1
2406,Jewellery Brand 250,info250@jewellery250.example.com,https://jewellery250.example.com,jewellery,https://jewellery250.example.com/contact,jewellery brand 250,jewellery,True,0
2407,Sportswear Brand 251,info251@sportswear251.example.com,https://sportswear251.example.com,sportswear,https://sportswear251.example.com/contact,sportswear brand 251,sportswear,True,1
2408,Shoes Brand 252,info252@shoes252.example.com,https://shoes252.example.com,shoes,https://shoes252.example.com/contact,shoes brand 252,shoes,True,0
2409,Jewellery Brand 253,info253@jewellery253.example.com,https://jewellery253.example.com,jewellery,https://jewellery253.example.com/contact,jewellery brand 253,jewellery,True,0
2410,Clothing Brand 254,info254@clothing254.example.com,https://clothing254.example.com,electronics,https://clothing254.example.com/contact,clothing brand 254,electronics,True,1
2411,Headwear Brand 255,info255@headwear255.example.com,https://headwear255.example.com,headwear,https://headwear255.example.com/contact,headwear brand 255,headwear,True,1
2412,Clothing Brnd 256,info256@clothing256.example.com,https://clothing256.example.com,clothing,https://clothing256.example.com/contact,clothing brnd 256,clothing,True,1
2413,Beauty Brand 257,info257@beauty257.example.com,https://beauty257.example.com,beauty,,beauty brand 257,beauty,True,0
2414,Bags Brand 258,info258@bags258.example.com,https://bags258.example.com,bags,https://bags258.example.com/contact,bags brand 258,bags,True,0
2417,Fashion Brand 261,info261@fashion261.example.com,https://fashion261.example.com,fashion,,fashion brand 261,fashion,True,1
2418,Headwear Brand 262,info262@headwear262.example.com,https://headwear262.example.com,electronics,https://headwear262.example.com/contact,headwear brand 262,electronics,True,1
2419,Sportswear Brand 263,info263@sportswear263.example.com,https://sportswear263.example.com,sportswear,https://sportswear263.example.com/contact,sportswear brand 263,sportswear,True,1
2420,Headwear Brand 264,info264@headwear264.example.com,https://headwear264.example.com,beauty,,headwear brand 264,beauty,True,1
2421,Headwear Brand 265,invalidemail,https://headwear265.example.com,headwear,,headwear brand 265,headwear,False,1
2422,Fashion Brand 266,info266@fashion266.example.com,https://fashion266.example.com,fashion,https://fashion266.example.com/contact,fashion brand 266,fashion,True,1
2423,Shoes Brand 267,info267@shoes267.example.com,https://shoes267.example.com,shoes,https://shoes267.example.com/contact,shoes brand 267,shoes,True,0
2424,Beauty Brand 268,info268@beauty268.example.com,https://beauty268.example.com,beauty,https://beauty268.example.com/contact,beauty brand 268,beauty,True,0
2426,Sportswear Brand 270,info270@sportswear270.example.com,https://sportswear270.example.com,sportswear,https://sportswear270.example.com/contact,sportswear brand 270,sportswear,True,1
2427,Headwear Brand 271,info271@headwear271.example.com,https://headwear271.example.com,headwear,https://headwear271.example.com/contact,headwear brand 271,headwear,True,1
2428,Skincare Brand 272,info272@skincare272.example.com,https://skincare272.example.com,pets,,skincare brand 272,pets,True,0
2429,Headwear Brand 273,info273@headwear273.example.com,https://headwear273.example.com,headwear,https://headwear273.example.com/contact,headwear brand 273,headwear,True,1
2430,Shoes Brand 274,info274@shoes274.example.com,https://shoes274.example.com,shoes,https://shoes274.example.com/contact,shoes brand 274,shoes,True,0
2431,Jewellery Brand 275,info275@jewellery275.example.com,https://jewellery275.example.com,jewellery,,jewellery brand 275,jewellery,True,0
2432,Clothing Brand 276,user_at_mail.com,https://clothing276.example.com,clothing,https://clothing276.example.com/contact,clothing brand 276,clothing,False,1
2433,Headwear Brand 277,contact@,https://headwear277.example.com,electronics,https://headwear277.example.com/contact,headwear brand 277,electronics,False,1
2553,Sportswear Brand 397,info397@sportswear397.example.com,https://sportswear397.example.com,sportswear,https://sportswear397.example.com/contact,sportswear brand 397,sportswear,True,1
2554,Jewellery Brand 398,info398@jewellery398.example.com,https://jewellery398.example.com,jewellery,https://jewellery398.example.com/contact,jewellery brand 398,jewellery,True,0
2555,Bags Brand 399,info399@bags399.example.com,https://bags399.example.com,bags,https://bags399.example.com/contact,bags brand 399,bags,True,0
2557,Headwear Brand 401,info401@headwear401.example.com,https://headwear401.example.com,headwear,https://headwear401.example.com/contact,headwear brand 401,headwear,True,1
2559,Bags Brand 403,info403@bags403.example.com,https://bags403.example.com,bags,https://bags403.example.com/contact,bags brand 403,bags,True,0
2561,Jewellery Brand 405,info405@jewellery405.example.com,https://jewellery405.example.com,jewellery,https://jewellery405.example.com/contact,jewellery brand 405,jewellery,True,0
2562,Headwear Brand 406,info406@headwear406.example.com,https://headwear406.example.com,headwear,https://headwear406.example.com/contact,headwear brand 406,headwear,True,1
2563,Headwear Brand 407,info407@headwear407.example.com,https://headwear407.example.com,headwear,,headwear brand 407,headwear,True,1
2564,Fashion Brand 408,info408@fashion408.example.com,https://fashion408.example.com,fashion,https://fashion408.example.com/contact,fashion brand 408,fashion,True,1
2565,Fashion Brand 409,info409@fashion409.example.com,https://fashion409.example.com,fashion,https://fashion409.example.com/contact,fashion brand 409,fashion,True,1
2566,Fashion Brand 410,info410@fashion410.example.com,https://fashion410.example.com,fashion,https://fashion410.example.com/contact,fashion brand 410,fashion,True,1
2567,Jewellery Brand 411,info411@jewellery411.example.com,https://jewellery411.example.com,fitness,https://jewellery411.example.com/contact,jewellery brand 411,fitness,True,0
2569,Shoes Brand 413,info413@shoes413.example.com,https://shoes413.example.com,shoes,https://shoes413.example.com/contact,shoes brand 413,shoes,True,0
2570,Jewellery Brand 414,info414@jewellery414.example.com,https://jewellery414.example.com,jewellery,,jewellery brand 414,jewellery,True,0
2571,Sportswear Brand 415,info415@sportswear415.example.com,https://sportswear415.example.com,sportswear,https://sportswear415.example.com/contact,sportswear brand 415,sportswear,True,1
2572,Skincare Brand 416,info416@skincare416.example.com,https://skincare416.example.com,skincare,https://skincare416.example.com/contact,skincare brand 416,skincare,True,0
2573,Jewellery Brand 417,info417@jewellery417.example.com,https://jewellery417.example.com,jewellery,https://jewellery417.example.com/contact,jewellery brand 417,jewellery,True,0
2574,Jewellery Brand 418,info418@jewellery418.example.com,https://jewellery418.example.com,jewellery,,jewellery brand 418,jewellery,True,0
2576,Sportswr Brnd 420,contact@,https://sportswear420.example.com,food,https://sportswear420.example.com/contact,sportswr brnd 420,food,False,0
2577,Clothing Brand 421,info421@clothing421.example.com,https://clothing421.example.com,clothing,https://clothing421.example.com/contact,clothing brand 421,clothing,True,1
2578,Shoes Brand 422,user_at_mail.com,https://shoes422.example.com,shoes,https://shoes422.example.com/contact,shoes brand 422,shoes,False,0
2579,Bags Brand 423,info423@bags423.example.com,https://bags423.example.com,bags,https://bags423.example.com/contact,bags brand 423,bags,True,0
2580,Clothing Brand 424,info424@clothing424.example.com,https://clothing424.example.com,clothing,,clothing brand 424,clothing,True,1
2581,Shoes Brand 425,info425@shoes425.example.com,https://shoes425.example.com,pets,https://shoes425.example.com/contact,shoes brand 425,pets,True,0
2582,Bags Brand 426,info426@bags426.example.com,https://bags426.example.com,bags,https://bags426.example.com/contact,bags brand 426,bags,True,0
2583,Bgs Brnd 427,info427@bags427.example.com,https://bags427.example.com,bags,https://bags427.example.com/contact,bgs brnd 427,bags,True,0
2584,Shoes Brand 428,info428@shoes428.example.com,https://shoes428.example.com,shoes,https://shoes428.example.com/contact,shoes brand 428,shoes,True,0
2585,Bags Brand 429,info429@bags429.example.com,https://bags429.example.com,bags,https://bags429.example.com/contact,bags brand 429,bags,True,0
2586,Headwear Brand 430,info430@headwear430.example.com,https://headwear430.example.com,headwear,https://headwear430.example.com/contact,headwear brand 430,headwear,True,1
2587,Sportswear Brand 431,info431@sportswear431.example.com,https://sportswear431.example.com,sportswear,https://sportswear431.example.com/contact,sportswear brand 431,sportswear,True,1
2588,Shoes Brand 432,info432@shoes432.example.com,https://shoes432.example.com,shoes,,shoes brand 432,shoes,True,0
2589,Sportswear Brand 433,info433@sportswear433.example.com,https://sportswear433.example.com,sportswear,https://sportswear433.example.com/contact,sportswear brand 433,sportswear,True,1
2590,Jewellery Brand 434,info434@jewellery434.example.com,https://jewellery434.example.com,jewellery,https://jewellery434.example.com/contact,jewellery brand 434,jewellery,True,0
2591,Bags Brand 435,info435@bags435.example.com,https://bags435.example.com,bags,https://bags435.example.com/contact,bags brand 435,bags,True,0
2592,Shoes Brand 436,info436@shoes436.example.com,https://shoes436.example.com,shoes,https://shoes436.example.com/contact,shoes brand 436,shoes,True,0
2593,Fashion Brand 437,info437@fashion437.example.com,https://fashion437.example.com,fashion,https://fashion437.example.com/contact,fashion brand 437,fashion,True,1
2594,Bgs Brnd 438,info438@bags438.example.com,https://bags438.example.com,bags,,bgs brnd 438,bags,True,0
2595,Skincare Brand 439,info439@skincare439.example.com,https://skincare439.example.com,skincare,https://skincare439.example.com/contact,skincare brand 439,skincare,True,0
2596,Skincare Brand 440,info440@skincare440.example.com,https://skincare440.example.com,pets,https://skincare440.example.com/contact,skincare brand 440,pets,True,0
2597,Jewellery Brand 441,info441@jewellery441.example.com,https://jewellery441.example.com,jewellery,https://jewellery441.example.com/contact,jewellery brand 441,jewellery,True,0
2598,Fashion Brand 442,info442@fashion442.example.com,https://fashion442.example.com,fashion,https://fashion442.example.com/contact,fashion brand 442,fashion,True,1
2599,Shoes Brand 443,info443@shoes443.example.com,https://shoes443.example.com,shoes,https://shoes443.example.com/contact,shoes brand 443,shoes,True,0
2600,Beauty Brand 444,info444@beauty444.example.com,https://beauty444.example.com,beauty,https://beauty444.example.com/contact,beauty brand 444,beauty,True,0
2602,Fashion Brand 446,info446@fashion446.example.com,https://fashion446.example.com,fashion,https://fashion446.example.com/contact,fashion brand 446,fashion,True,1
2604,Headwear Brand 448,info448@headwear448.example.com,https://headwear448.example.com,headwear,https://headwear448.example.com/contact,headwear brand 448,headwear,True,1
2605,Bags Brand 449,invalidemail,https://bags449.example.com,fitness,https://bags449.example.com/contact,bags brand 449,fitness,False,0
2607,Sportswear Brand 451,info451@sportswear451.example.com,https://sportswear451.example.com,sportswear,https://sportswear451.example.com/contact,sportswear brand 451,sportswear,True,1
2608,Jewellery Brand 452,info452@jewellery452.example.com,https://jewellery452.example.com,jewellery,https://jewellery452.example.com/contact,jewellery brand 452,jewellery,True,0
2609,Bags Brand 453,info453@bags453.example.com,https://bags453.example.com,bags,,bags brand 453,bags,True,0
2610,Bags Brand 454,info454@bags454.example.com,https://bags454.example.com,bags,https://bags454.example.com/contact,bags brand 454,bags,True,0
2611,Skincare Brand 455,contact@,https://skincare455.example.com,skincare,https://skincare455.example.com/contact,skincare brand 455,skincare,False,0
2612,Beauty Brand 456,info456@beauty456.example.com,https://beauty456.example.com,beauty,,beauty brand 456,beauty,True,0
2613,Jewellery Brand 457,info457@jewellery457.example.com,https://jewellery457.example.com,jewellery,https://jewellery457.example.com/contact,jewellery brand 457,jewellery,True,0
2614,Jewellery Brand 458,info458@jewellery458.example.com,https://jewellery458.example.com,jewellery,https://jewellery458.example.com/contact,jewellery brand 458,jewellery,True,0
2615,Skincare Brand 459,info459@skincare459.example.com,https://skincare459.example.com,skincare,https://skincare459.example.com/contact,skincare brand 459,skincare,True,0
2616,Beauty Brand 460,info460@beauty460.example.com,https://beauty460.example.com,beauty,https://beauty460.example.com/contact,beauty brand 460,beauty,True,0
2617,Fashion Brand 461,info461@fashion461.example.com,https://fashion461.example.com,fitness,https://fashion461.example.com/contact,fashion brand 461,fitness,True,1
2618,Jewellery Brand 462,info462@jewellery462.example.com,https://jewellery462.example.com,jewellery,https://jewellery462.example.com/contact,jewellery brand 462,jewellery,True,0
2619,Fashion Brand 463,info463@fashion463.example.com,https://fashion463.example.com,fashion,https://fashion463.example.com/contact,fashion brand 463,fashion,True,1
2620,Bgs Brnd 464,info464@bags464.example.com,https://bags464.example.com,bags,,bgs brnd 464,bags,True,0
2621,Bags Brand 465,info465@bags465.example.com,https://bags465.example.com,bags,https://bags465.example.com/contact,bags brand 465,bags,True,0
2622,Skincare Brand 466,info466@skincare466.example.com,https://skincare466.example.com,skincare,https://skincare466.example.com/contact,skincare brand 466,skincare,True,0
2623,Beauty Brand 467,contact@,https://beauty467.example.com,food,https://beauty467.example.com/contact,beauty brand 467,food,False,0
2624,Jewellery Brand 468,info468@jewellery468.example.com,https://jewellery468.example.com,beauty,https://jewellery468.example.com/contact,jewellery brand 468,beauty,True,0
2625,Bags Brand 469,info469@bags469.example.com,https://bags469.example.com,bags,https://bags469.example.com/contact,bags brand 469,bags,True,0
2626,Clothing Brand 470,info470@clothing470.example.com,https://clothing470.example.com,fitness,https://clothing470.example.com/contact,clothing brand 470,fitness,True,1
2627,Shoes Brand 471,info471@shoes471.example.com,https://shoes471.example.com,shoes,https://shoes471.example.com/contact,shoes brand 471,shoes,True,0
2628,Headwear Brand 472,user_at_mail.com,https://headwear472.example.com,headwear,https://headwear472.example.com/contact,headwear brand 472,headwear,False,1
2629,Clothing Brand 473,info473@clothing473.example.com,https://clothing473.example.com,clothing,https://clothing473.example.com/contact,clothing brand 473,clothing,True,1
2630,Bags Brand 474,info474@bags474.example.com,https://bags474.example.com,bags,https://bags474.example.com/contact,bags brand 474,bags,True,0
2631,Shoes Brand 475,info475@shoes475.example.com,https://shoes475.example.com,shoes,https://shoes475.example.com/contact,shoes brand 475,shoes,True,0
2632,Beauty Brand 476,info476@beauty476.example.com,https://beauty476.example.com,beauty,https://beauty476.example.com/contact,beauty brand 476,beauty,True,0
2633,Clothing Brand 477,info477@clothing477.example.com,https://clothing477.example.com,clothing,,clothing brand 477,clothing,True,1
2634,Fashion Brand 478,info478@fashion478.example.com,https://fashion478.example.com,fashion,https://fashion478.example.com/contact,fashion brand 478,fashion,True,1
2635,Beauty Brand 479,info479@beauty479.example.com,https://beauty479.example.com,beauty,https://beauty479.example.com/contact,beauty brand 479,beauty,True,0
2636,Skincare Brand 480,info480@skincare480.example.com,https://skincare480.example.com,skincare,https://skincare480.example.com/contact,skincare brand 480,skincare,True,0
2637,Skincare Brand 481,,https://skincare481.example.com,skincare,https://skincare481.example.com/contact,skincare brand 481,skincare,False,0
2638,Clothing Brand 482,info482@clothing482.example.com,https://clothing482.example.com,clothing,https://clothing482.example.com/contact,clothing brand 482,clothing,True,1
2639,Shos Brnd 483,info483@shoes483.example.com,https://shoes483.example.com,shoes,https://shoes483.example.com/contact,shos brnd 483,shoes,True,0
2640,Clothing Brand 484,info484@clothing484.example.com,https://clothing484.example.com,pets,https://clothing484.example.com/contact,clothing brand 484,pets,True,1
2641,Clothing Brand 485,info485@clothing485.example.com,https://clothing485.example.com,clothing,https://clothing485.example.com/contact,clothing brand 485,clothing,True,1
2642,Skincare Brand 486,info486@skincare486.example.com,https://skincare486.example.com,skincare,https://skincare486.example.com/contact,skincare brand 486,skincare,True,0
2643,Clothing Brand 487,,https://clothing487.example.com,clothing,https://clothing487.example.com/contact,clothing brand 487,clothing,False,1
2645,Shoes Brand 489,info489@shoes489.example.com,https://shoes489.example.com,shoes,https://shoes489.example.com/contact,shoes brand 489,shoes,True,0
2647,Beauty Brand 491,info491@beauty491.example.com,https://beauty491.example.com,beauty,https://beauty491.example.com/contact,beauty brand 491,beauty,True,0
2648,Jewellery Brand 492,info492@jewellery492.example.com,https://jewellery492.example.com,jewellery,https://jewellery492.example.com/contact,jewellery brand 492,jewellery,True,0
2649,Fashion Brand 493,info493@fashion493.example.com,https://fashion493.example.com,fashion,,fashion brand 493,fashion,True,1
2650,Shoes Brand 494,invalidemail,https://shoes494.example.com,shoes,https://shoes494.example.com/contact,shoes brand 494,shoes,False,0
2651,Headwear Brand 495,info495@headwear495.example.com,https://headwear495.example.com,headwear,https://headwear495.example.com/contact,headwear brand 495,headwear,True,1
2652,Clothing Brand 496,info496@clothing496.example.com,https://clothing496.example.com,clothing,https://clothing496.example.com/contact,clothing brand 496,clothing,True,1
2653,Skincare Brand 497,info497@skincare497.example.com,https://skincare497.example.com,skincare,https://skincare497.example.com/contact,skincare brand 497,skincare,True,0
2654,Fshion Brnd 498,invalidemail,https://fashion498.example.com,fashion,https://fashion498.example.com/contact,fshion brnd 498,fashion,False,1
2655,Beauty Brand 499,info499@beauty499.example.com,https://beauty499.example.com,beauty,,beauty brand 499,beauty,True,0
2656,Jewellery Brand 500,info500@jewellery500.example.com,https://jewellery500.example.com,jewellery,https://jewellery500.example.com/contact,jewellery brand 500,jewellery,True,0
2657,Jewellery Brand 501,info501@jewellery501.example.com,https://jewellery501.example.com,jewellery,https://jewellery501.example.com/contact,jewellery brand 501,jewellery,True,0
2658,Fashion Brand 502,user_at_mail.com,https://fashion502.example.com,fashion,https://fashion502.example.com/contact,fashion brand 502,fashion,False,1
2659,Headwear Brand 503,info503@headwear503.example.com,https://headwear503.example.com,headwear,,headwear brand 503,headwear,True,1
2660,Fashion Brand 504,info504@fashion504.example.com,https://fashion504.example.com,pets,https://fashion504.example.com/contact,fashion brand 504,pets,True,1
2661,Jwllry Brnd 505,info505@jewellery505.example.com,https://jewellery505.example.com,jewellery,https://jewellery505.example.com/contact,jwllry brnd 505,jewellery,True,0
2662,Sportswr Brnd 506,info506@sportswear506.example.com,https://sportswear506.example.com,sportswear,https://sportswear506.example.com/contact,sportswr brnd 506,sportswear,True,1
2663,Beauty Brand 507,info507@beauty507.example.com,https://beauty507.example.com,beauty,https://beauty507.example.com/contact,beauty brand 507,beauty,True,0
2664,Beauty Brand 508,info508@beauty508.example.com,https://beauty508.example.com,beauty,,beauty brand 508,beauty,True,0
2665,Fshion Brnd 509,info509@fashion509.example.com,https://fashion509.example.com,fashion,https://fashion509.example.com/contact,fshion brnd 509,fashion,True,1
2666,Sportswr Brnd 510,info510@sportswear510.example.com,https://sportswear510.example.com,sportswear,https://sportswear510.example.com/contact,sportswr brnd 510,sportswear,True,1
2667,Jewellery Brand 511,info511@jewellery511.example.com,https://jewellery511.example.com,jewellery,https://jewellery511.example.com/contact,jewellery brand 511,jewellery,True,0
2668,Beauty Brand 512,info512@beauty512.example.com,https://beauty512.example.com,beauty,https://beauty512.example.com/contact,beauty brand 512,beauty,True,0
2669,Fashion Brand 513,info513@fashion513.example.com,https://fashion513.example.com,fashion,https://fashion513.example.com/contact,fashion brand 513,fashion,True,1
2670,Skincare Brand 514,info514@skincare514.example.com,https://skincare514.example.com,skincare,,skincare brand 514,skincare,True,0
2672,Sportswear Brand 516,info516@sportswear516.example.com,https://sportswear516.example.com,sportswear,https://sportswear516.example.com/contact,sportswear brand 516,sportswear,True,1
2673,Shoes Brand 517,user_at_mail.com,https://shoes517.example.com,shoes,https://shoes517.example.com/contact,shoes brand 517,shoes,False,0
2674,Beauty Brand 518,info518@beauty518.example.com,https://beauty518.example.com,beauty,https://beauty518.example.com/contact,beauty brand 518,beauty,True,0
2675,Sportswear Brand 519,info519@sportswear519.example.com,https://sportswear519.example.com,sportswear,,sportswear brand 519,sportswear,True,1
2676,Beauty Brand 520,invalidemail,https://beauty520.example.com,beauty,https://beauty520.example.com/contact,beauty brand 520,beauty,False,0
2677,Sportswear Brand 521,info521@sportswear521.example.com,https://sportswear521.example.com,sportswear,https://sportswear521.example.com/contact,sportswear brand 521,sportswear,True,1
2678,Buty Brnd 522,info522@beauty522.example.com,https://beauty522.example.com,beauty,https://beauty522.example.com/contact,buty brnd 522,beauty,True,0
2679,Beauty Brand 523,info523@beauty523.example.com,https://beauty523.example.com,beauty,https://beauty523.example.com/contact,beauty brand 523,beauty,True,0
2680,Fashion Brand 524,info524@fashion524.example.com,https://fashion524.example.com,fashion,https://fashion524.example.com/contact,fashion brand 524,fashion,True,1
2681,Bags Brand 525,info525@bags525.example.com,https://bags525.example.com,bags,https://bags525.example.com/contact,bags brand 525,bags,True,0
2682,Skincare Brand 526,info526@skincare526.example.com,https://skincare526.example.com,skincare,https://skincare526.example.com/contact,skincare brand 526,skincare,True,0
2684,Beauty Brand 528,info528@beauty528.example.com,https://beauty528.example.com,beauty,,beauty brand 528,beauty,True,0
2685,Sportswear Brand 529,invalidemail,https://sportswear529.example.com,sportswear,https://sportswear529.example.com/contact,sportswear brand 529,sportswear,False,1
2686,Headwear Brand 530,info530@headwear530.example.com,https://headwear530.example.com,headwear,https://headwear530.example.com/contact,headwear brand 530,headwear,True,1
2687,Bags Brand 531,info531@bags531.example.com,https://bags531.example.com,electronics,https://bags531.example.com/contact,bags brand 531,electronics,True,0
2688,Skincare Brand 532,info532@skincare532.example.com,https://skincare532.example.com,skincare,https://skincare532.example.com/contact,skincare brand 532,skincare,True,0
2689,Sportswear Brand 533,info533@sportswear533.example.com,https://sportswear533.example.com,sportswear,https://sportswear533.example.com/contact,sportswear brand 533,sportswear,True,1
2690,Bags Brand 534,info534@bags534.example.com,https://bags534.example.com,bags,,bags brand 534,bags,True,0
2692,Fashion Brand 536,info536@fashion536.example.com,https://fashion536.example.com,fashion,https://fashion536.example.com/contact,fashion brand 536,fashion,True,1
2693,Clothing Brand 537,info537@clothing537.example.com,https://clothing537.example.com,clothing,https://clothing537.example.com/contact,clothing brand 537,clothing,True,1
2694,Clothing Brand 538,invalidemail,https://clothing538.example.com,clothing,https://clothing538.example.com/contact,clothing brand 538,clothing,False,1
2695,Clothing Brnd 539,info539@clothing539.example.com,https://clothing539.example.com,pets,https://clothing539.example.com/contact,clothing brnd 539,pets,True,1
2696,Beauty Brand 540,info540@beauty540.example.com,https://beauty540.example.com,beauty,https://beauty540.example.com/contact,beauty brand 540,beauty,True,0
2697,Headwear Brand 541,invalidemail,https://headwear541.example.com,headwear,https://headwear541.example.com/contact,headwear brand 541,headwear,False,1
2698,Headwear Brand 542,info542@headwear542.example.com,https://headwear542.example.com,headwear,https://headwear542.example.com/contact,headwear brand 542,headwear,True,1
2699,Jewellery Brand 543,info543@jewellery543.example.com,https://jewellery543.example.com,jewellery,https://jewellery543.example.com/contact,jewellery brand 543,jewellery,True,0
2700,Clothing Brand 544,info544@clothing544.example.com,https://clothing544.example.com,clothing,https://clothing544.example.com/contact,clothing brand 544,clothing,True,1
2701,Bags Brand 545,info545@bags545.example.com,https://bags545.example.com,bags,https://bags545.example.com/contact,bags brand 545,bags,True,0
2702,Headwear Brand 546,info546@headwear546.example.com,https://headwear546.example.com,headwear,,headwear brand 546,headwear,True,1
2703,Bags Brand 547,info547@bags547.example.com,https://bags547.example.com,bags,https://bags547.example.com/contact,bags brand 547,bags,True,0
2704,Jewellery Brand 548,info548@jewellery548.example.com,https://jewellery548.example.com,jewellery,https://jewellery548.example.com/contact,jewellery brand 548,jewellery,True,0
2705,Bags Brand 549,info549@bags549.example.com,https://bags549.example.com,bags,https://bags549.example.com/contact,bags brand 549,bags,True,0
2706,Beauty Brand 550,info550@beauty550.example.com,https://beauty550.example.com,pets,https://beauty550.example.com/contact,beauty brand 550,pets,True,0
2707,Sportswear Brand 551,info551@sportswear551.example.com,https://sportswear551.example.com,sportswear,https://sportswear551.example.com/contact,sportswear brand 551,sportswear,True,1
2708,Sportswr Brnd 552,info552@sportswear552.example.com,https://sportswear552.example.com,sportswear,https://sportswear552.example.com/contact,sportswr brnd 552,sportswear,True,1
2709,Jewellery Brand 553,invalidemail,https://jewellery553.example.com,jewellery,https://jewellery553.example.com/contact,jewellery brand 553,jewellery,False,0
2711,Shoes Brand 555,info555@shoes555.example.com,https://shoes555.example.com,shoes,,shoes brand 555,shoes,True,0
2712,Sportswear Brand 556,info556@sportswear556.example.com,https://sportswear556.example.com,sportswear,https://sportswear556.example.com/contact,sportswear brand 556,sportswear,True,1
2713,Fashion Brand 557,info557@fashion557.example.com,https://fashion557.example.com,fashion,https://fashion557.example.com/contact,fashion brand 557,fashion,True,1
2714,Skincare Brand 558,info558@skincare558.example.com,https://skincare558.example.com,skincare,https://skincare558.example.com/contact,skincare brand 558,skincare,True,0
2715,Headwear Brand 559,info559@headwear559.example.com,https://headwear559.example.com,headwear,https://headwear559.example.com/contact,headwear brand 559,headwear,True,1
2716,Fashion Brand 560,info560@fashion560.example.com,https://fashion560.example.com,fashion,,fashion brand 560,fashion,True,1
2717,Hdwr Brnd 561,info561@headwear561.example.com,https://headwear561.example.com,headwear,https://headwear561.example.com/contact,hdwr brnd 561,headwear,True,1
2718,Jewellery Brand 562,info562@jewellery562.example.com,https://jewellery562.example.com,jewellery,https://jewellery562.example.com/contact,jewellery brand 562,jewellery,True,0
2719,Sportswear Brand 563,contact@,https://sportswear563.example.com,sportswear,https://sportswear563.example.com/contact,sportswear brand 563,sportswear,False,1
2720,Skincare Brand 564,info564@skincare564.example.com,https://skincare564.example.com,skincare,https://skincare564.example.com/contact,skincare brand 564,skincare,True,0
2721,Bags Brand 565,,https://bags565.example.com,bags,https://bags565.example.com/contact,bags brand 565,bags,False,0
2722,Beauty Brand 566,info566@beauty566.example.com,https://beauty566.example.com,beauty,https://beauty566.example.com/contact,beauty brand 566,beauty,True,0
2723,Fashion Brand 567,info567@fashion567.example.com,https://fashion567.example.com,fashion,https://fashion567.example.com/contact,fashion brand 567,fashion,True,1
2724,Bags Brand 568,contact@,https://bags568.example.com,bags,https://bags568.example.com/contact,bags brand 568,bags,False,0
2725,Fashion Brand 569,info569@fashion569.example.com,https://fashion569.example.com,fashion,https://fashion569.example.com/contact,fashion brand 569,fashion,True,1
2726,Sportswear Brand 570,info570@sportswear570.example.com,https://sportswear570.example.com,sportswear,,sportswear brand 570,sportswear,True,1
2727,Jewellery Brand 571,invalidemail,https://jewellery571.example.com,jewellery,https://jewellery571.example.com/contact,jewellery brand 571,jewellery,False,0
2728,Skincare Brand 572,info572@skincare572.example.com,https://skincare572.example.com,skincare,https://skincare572.example.com/contact,skincare brand 572,skincare,True,0
2729,Fashion Brand 573,info573@fashion573.example.com,https://fashion573.example.com,fashion,https://fashion573.example.com/contact,fashion brand 573,fashion,True,1
2730,Hdwr Brnd 574,user_at_mail.com,https://headwear574.example.com,headwear,https://headwear574.example.com/contact,hdwr brnd 574,headwear,False,1
2731,Skincare Brand 575,info575@skincare575.example.com,https://skincare575.example.com,skincare,https://skincare575.example.com/contact,skincare brand 575,skincare,True,0
2732,Fashion Brand 576,info576@fashion576.example.com,https://fashion576.example.com,fashion,https://fashion576.example.com/contact,fashion brand 576,fashion,True,1
2733,Shoes Brand 577,info577@shoes577.example.com,https://shoes577.example.com,shoes,https://shoes577.example.com/contact,shoes brand 577,shoes,True,0
2734,Clothing Brand 578,info578@clothing578.example.com,https://clothing578.example.com,clothing,https://clothing578.example.com/contact,clothing brand 578,clothing,True,1
2735,Fashion Brand 579,info579@fashion579.example.com,https://fashion579.example.com,fashion,https://fashion579.example.com/contact,fashion brand 579,fashion,True,1
2736,Beauty Brand 580,info580@beauty580.example.com,https://beauty580.example.com,beauty,,beauty brand 580,beauty,True,0
2737,Skincare Brand 581,info581@skincare581.example.com,https://skincare581.example.com,electronics,,skincare brand 581,electronics,True,0
2738,Shos Brnd 582,info582@shoes582.example.com,https://shoes582.example.com,shoes,,shos brnd 582,shoes,True,0
2739,Fshion Brnd 583,info583@fashion583.example.com,https://fashion583.example.com,fashion,https://fashion583.example.com/contact,fshion brnd 583,fashion,True,1
2740,Headwear Brand 584,info584@headwear584.example.com,https://headwear584.example.com,headwear,https://headwear584.example.com/contact,headwear brand 584,headwear,True,1
2741,Sportswear Brand 585,info585@sportswear585.example.com,https://sportswear585.example.com,sportswear,https://sportswear585.example.com/contact,sportswear brand 585,sportswear,True,1
2742,Clothing Brand 586,info586@clothing586.example.com,https://clothing586.example.com,clothing,https://clothing586.example.com/contact,clothing brand 586,clothing,True,1
2743,Jewellery Brand 587,,https://jewellery587.example.com,jewellery,,jewellery brand 587,jewellery,False,0
2744,Shoes Brand 588,,https://shoes588.example.com,food,,shoes brand 588,food,False,0
2745,Skincare Brand 589,info589@skincare589.example.com,https://skincare589.example.com,skincare,https://skincare589.example.com/contact,skincare brand 589,skincare,True,0
2746,Jewellery Brand 590,info590@jewellery590.example.com,https://jewellery590.example.com,jewellery,https://jewellery590.example.com/contact,jewellery brand 590,jewellery,True,0
2747,Clothing Brand 591,user_at_mail.com,https://clothing591.example.com,clothing,https://clothing591.example.com/contact,clothing brand 591,clothing,False,1
2748,Jewellery Brand 592,info592@jewellery592.example.com,https://jewellery592.example.com,jewellery,,jewellery brand 592,jewellery,True,0
2749,Clothing Brnd 593,info593@clothing593.example.com,https://clothing593.example.com,clothing,https://clothing593.example.com/contact,clothing brnd 593,clothing,True,1
2750,Skincare Brand 594,info594@skincare594.example.com,https://skincare594.example.com,skincare,https://skincare594.example.com/contact,skincare brand 594,skincare,True,0
2751,Clothing Brand 595,info595@clothing595.example.com,https://clothing595.example.com,clothing,https://clothing595.example.com/contact,clothing brand 595,clothing,True,1
2752,Beauty Brand 596,info596@beauty596.example.com,https://beauty596.example.com,beauty,,beauty brand 596,beauty,True,0
2753,Beauty Brand 597,info597@beauty597.example.com,https://beauty597.example.com,beauty,https://beauty597.example.com/contact,beauty brand 597,beauty,True,0
2754,Sportswear Brand 598,info598@sportswear598.example.com,https://sportswear598.example.com,sportswear,https://sportswear598.example.com/contact,sportswear brand 598,sportswear,True,1
2755,Skincr Brnd 599,info599@skincare599.example.com,https://skincare599.example.com,skincare,,skincr brnd 599,skincare,True,0
2756,Beauty Brand 600,info600@beauty600.example.com,https://beauty600.example.com,beauty,https://beauty600.example.com/contact,beauty brand 600,beauty,True,0
2757,Skincare Brand 601,info601@skincare601.example.com,https://skincare601.example.com,skincare,https://skincare601.example.com/contact,skincare brand 601,skincare,True,0
2758,Beauty Brand 602,info602@beauty602.example.com,https://beauty602.example.com,beauty,https://beauty602.example.com/contact,beauty brand 602,beauty,True,0
2759,Skincare Brand 603,info603@skincare603.example.com,https://skincare603.example.com,skincare,https://skincare603.example.com/contact,skincare brand 603,skincare,True,0
2760,Bgs Brnd 604,info604@bags604.example.com,https://bags604.example.com,bags,https://bags604.example.com/contact,bgs brnd 604,bags,True,0
2762,Shos Brnd 606,info606@shoes606.example.com,https://shoes606.example.com,shoes,https://shoes606.example.com/contact,shos brnd 606,shoes,True,0
2763,Sportswear Brand 607,contact@,https://sportswear607.example.com,sportswear,https://sportswear607.example.com/contact,sportswear brand 607,sportswear,False,1
2764,Skincare Brand 608,info608@skincare608.example.com,https://skincare608.example.com,skincare,https://skincare608.example.com/contact,skincare brand 608,skincare,True,0
2765,Headwear Brand 609,user_at_mail.com,https://headwear609.example.com,headwear,https://headwear609.example.com/contact,headwear brand 609,headwear,False,1
2766,Clothing Brand 610,info610@clothing610.example.com,https://clothing610.example.com,clothing,https://clothing610.example.com/contact,clothing brand 610,clothing,True,1
2767,Clothing Brand 611,info611@clothing611.example.com,https://clothing611.example.com,clothing,https://clothing611.example.com/contact,clothing brand 611,clothing,True,1
2768,Jewellery Brand 612,info612@jewellery612.example.com,https://jewellery612.example.com,jewellery,https://jewellery612.example.com/contact,jewellery brand 612,jewellery,True,0
2769,Shoes Brand 613,info613@shoes613.example.com,https://shoes613.example.com,shoes,https://shoes613.example.com/contact,shoes brand 613,shoes,True,0
2770,Fashion Brand 614,info614@fashion614.example.com,https://fashion614.example.com,fashion,https://fashion614.example.com/contact,fashion brand 614,fashion,True,1
2771,Fashion Brand 615,info615@fashion615.example.com,https://fashion615.example.com,fashion,https://fashion615.example.com/contact,fashion brand 615,fashion,True,1
2773,Beauty Brand 617,info617@beauty617.example.com,https://beauty617.example.com,beauty,https://beauty617.example.com/contact,beauty brand 617,beauty,True,0
2774,Fashion Brand 618,info618@fashion618.example.com,https://fashion618.example.com,fashion,https://fashion618.example.com/contact,fashion brand 618,fashion,True,1
2775,Sportswear Brand 619,info619@sportswear619.example.com,https://sportswear619.example.com,sportswear,,sportswear brand 619,sportswear,True,1
2776,Fshion Brnd 620,info620@fashion620.example.com,https://fashion620.example.com,fashion,https://fashion620.example.com/contact,fshion brnd 620,fashion,True,1
2777,Skincr Brnd 621,info621@skincare621.example.com,https://skincare621.example.com,skincare,,skincr brnd 621,skincare,True,0
2778,Sportswear Brand 622,info622@sportswear622.example.com,https://sportswear622.example.com,sportswear,https://sportswear622.example.com/contact,sportswear brand 622,sportswear,True,1
2779,Beauty Brand 623,info623@beauty623.example.com,https://beauty623.example.com,beauty,https://beauty623.example.com/contact,beauty brand 623,beauty,True,0
2780,Fashion Brand 624,info624@fashion624.example.com,https://fashion624.example.com,fashion,https://fashion624.example.com/contact,fashion brand 624,fashion,True,1
2781,Skincare Brand 625,info625@skincare625.example.com,https://skincare625.example.com,skincare,https://skincare625.example.com/contact,skincare brand 625,skincare,True,0
2782,Shoes Brand 626,info626@shoes626.example.com,https://shoes626.example.com,shoes,,shoes brand 626,shoes,True,0
2783,Bags Brand 627,info627@bags627.example.com,https://bags627.example.com,bags,https://bags627.example.com/contact,bags brand 627,bags,True,0
2784,Beauty Brand 628,contact@,https://beauty628.example.com,beauty,https://beauty628.example.com/contact,beauty brand 628,beauty,False,0
2785,Bags Brand 629,info629@bags629.example.com,https://bags629.example.com,bags,https://bags629.example.com/contact,bags brand 629,bags,True,0
2786,Skincare Brand 630,info630@skincare630.example.com,https://skincare630.example.com,skincare,https://skincare630.example.com/contact,skincare brand 630,skincare,True,0
2788,Bgs Brnd 632,,https://bags632.example.com,bags,https://bags632.example.com/contact,bgs brnd 632,bags,False,0
2789,Clothing Brand 633,user_at_mail.com,https://clothing633.example.com,clothing,https://clothing633.example.com/contact,clothing brand 633,clothing,False,1
2790,Beauty Brand 634,info634@beauty634.example.com,https://beauty634.example.com,beauty,https://beauty634.example.com/contact,beauty brand 634,beauty,True,0
2791,Headwear Brand 635,info635@headwear635.example.com,https://headwear635.example.com,headwear,,headwear brand 635,headwear,True,1
2792,Fashion Brand 636,info636@fashion636.example.com,https://fashion636.example.com,fashion,https://fashion636.example.com/contact,fashion brand 636,fashion,True,1
2793,Fashion Brand 637,info637@fashion637.example.com,https://fashion637.example.com,fashion,https://fashion637.example.com/contact,fashion brand 637,fashion,True,1
2794,Fashion Brand 638,info638@fashion638.example.com,https://fashion638.example.com,fashion,https://fashion638.example.com/contact,fashion brand 638,fashion,True,1
2795,Fashion Brand 639,info639@fashion639.example.com,https://fashion639.example.com,fashion,https://fashion639.example.com/contact,fashion brand 639,fashion,True,1
2796,Jewellery Brand 640,info640@jewellery640.example.com,https://jewellery640.example.com,jewellery,https://jewellery640.example.com/contact,jewellery brand 640,jewellery,True,0
2797,Fashion Brand 641,info641@fashion641.example.com,https://fashion641.example.com,fashion,https://fashion641.example.com/contact,fashion brand 641,fashion,True,1
2798,Fashion Brand 642,invalidemail,https://fashion642.example.com,fashion,,fashion brand 642,fashion,False,1
2799,Sportswear Brand 643,info643@sportswear643.example.com,https://sportswear643.example.com,sportswear,https://sportswear643.example.com/contact,sportswear brand 643,sportswear,True,1
2801,Clothing Brand 645,info645@clothing645.example.com,https://clothing645.example.com,clothing,https://clothing645.example.com/contact,clothing brand 645,clothing,True,1
2802,Jewellery Brand 646,info646@jewellery646.example.com,https://jewellery646.example.com,jewellery,https://jewellery646.example.com/contact,jewellery brand 646,jewellery,True,0
2803,Shoes Brand 647,info647@shoes647.example.com,https://shoes647.example.com,shoes,,shoes brand 647,shoes,True,0
2804,Shos Brnd 648,info648@shoes648.example.com,https://shoes648.example.com,shoes,https://shoes648.example.com/contact,shos brnd 648,shoes,True,0
2805,Shoes Brand 649,info649@shoes649.example.com,https://shoes649.example.com,shoes,,shoes brand 649,shoes,True,0
2806,Bags Brand 650,contact@,https://bags650.example.com,bags,https://bags650.example.com/contact,bags brand 650,bags,False,0
2807,Fashion Brand 651,info651@fashion651.example.com,https://fashion651.example.com,fashion,,fashion brand 651,fashion,True,1
2808,Fashion Brand 652,info652@fashion652.example.com,https://fashion652.example.com,fashion,https://fashion652.example.com/contact,fashion brand 652,fashion,True,1
2809,Sportswear Brand 653,info653@sportswear653.example.com,https://sportswear653.example.com,sportswear,https://sportswear653.example.com/contact,sportswear brand 653,sportswear,True,1
2811,Skincare Brand 655,,https://skincare655.example.com,skincare,https://skincare655.example.com/contact,skincare brand 655,skincare,False,0
2812,Sportswear Brand 656,info656@sportswear656.example.com,https://sportswear656.example.com,sportswear,https://sportswear656.example.com/contact,sportswear brand 656,sportswear,True,1
2813,Beauty Brand 657,info657@beauty657.example.com,https://beauty657.example.com,beauty,https://beauty657.example.com/contact,beauty brand 657,beauty,True,0
2814,Sportswear Brand 658,info658@sportswear658.example.com,https://sportswear658.example.com,sportswear,https://sportswear658.example.com/contact,sportswear brand 658,sportswear,True,1
2815,Bags Brand 659,info659@bags659.example.com,https://bags659.example.com,bags,,bags brand 659,bags,True,0
2816,Bags Brand 660,info660@bags660.example.com,https://bags660.example.com,bags,https://bags660.example.com/contact,bags brand 660,bags,True,0
2817,Beauty Brand 661,info661@beauty661.example.com,https://beauty661.example.com,beauty,,beauty brand 661,beauty,True,0
2818,Skincare Brand 662,info662@skincare662.example.com,https://skincare662.example.com,skincare,https://skincare662.example.com/contact,skincare brand 662,skincare,True,0
2820,Sportswear Brand 664,invalidemail,https://sportswear664.example.com,sportswear,,sportswear brand 664,sportswear,False,1
2821,Sportswear Brand 665,invalidemail,https://sportswear665.example.com,food,https://sportswear665.example.com/contact,sportswear brand 665,food,False,1
2822,Fashion Brand 666,contact@,https://fashion666.example.com,fashion,https://fashion666.example.com/contact,fashion brand 666,fashion,False,1
2823,Shoes Brand 667,info667@shoes667.example.com,https://shoes667.example.com,shoes,https://shoes667.example.com/contact,shoes brand 667,shoes,True,0
2824,Jewellery Brand 668,info668@jewellery668.example.com,https://jewellery668.example.com,jewellery,https://jewellery668.example.com/contact,jewellery brand 668,jewellery,True,0
2825,Shoes Brand 669,info669@shoes669.example.com,https://shoes669.example.com,shoes,https://shoes669.example.com/contact,shoes brand 669,shoes,True,0
2827,Fashion Brand 671,info671@fashion671.example.com,https://fashion671.example.com,fashion,https://fashion671.example.com/contact,fashion brand 671,fashion,True,1
2829,Headwear Brand 673,info673@headwear673.example.com,https://headwear673.example.com,headwear,https://headwear673.example.com/contact,headwear brand 673,headwear,True,1
2830,Clothing Brand 674,info674@clothing674.example.com,https://clothing674.example.com,clothing,https://clothing674.example.com/contact,clothing brand 674,clothing,True,1
2831,Beauty Brand 675,,https://beauty675.example.com,beauty,,beauty brand 675,beauty,False,0
2832,Skincare Brand 676,info676@skincare676.example.com,https://skincare676.example.com,skincare,https://skincare676.example.com/contact,skincare brand 676,skincare,True,0
2833,Skincare Brand 677,info677@skincare677.example.com,https://skincare677.example.com,skincare,https://skincare677.example.com/contact,skincare brand 677,skincare,True,0
2834,Bags Brand 678,contact@,https://bags678.example.com,beauty,https://bags678.example.com/contact,bags brand 678,beauty,False,0
2835,Fashion Brand 679,info679@fashion679.example.com,https://fashion679.example.com,fashion,https://fashion679.example.com/contact,fashion brand 679,fashion,True,1
2836,Fashion Brand 680,info680@fashion680.example.com,https://fashion680.example.com,fashion,https://fashion680.example.com/contact,fashion brand 680,fashion,True,1
2837,Sportswear Brand 681,info681@sportswear681.example.com,https://sportswear681.example.com,food,https://sportswear681.example.com/contact,sportswear brand 681,food,True,1
2838,Sportswear Brand 682,info682@sportswear682.example.com,https://sportswear682.example.com,sportswear,,sportswear brand 682,sportswear,True,1
2839,Clothing Brand 683,invalidemail,https://clothing683.example.com,clothing,https://clothing683.example.com/contact,clothing brand 683,clothing,False,1
2840,Bags Brand 684,info684@bags684.example.com,https://bags684.example.com,bags,https://bags684.example.com/contact,bags brand 684,bags,True,0
2841,Jwllry Brnd 685,contact@,https://jewellery685.example.com,jewellery,,jwllry brnd 685,jewellery,False,0
2842,Clothing Brand 686,info686@clothing686.example.com,https://clothing686.example.com,fitness,https://clothing686.example.com/contact,clothing brand 686,fitness,True,1
2843,Beauty Brand 687,info687@beauty687.example.com,https://beauty687.example.com,beauty,https://beauty687.example.com/contact,beauty brand 687,beauty,True,0
2844,Bags Brand 688,info688@bags688.example.com,https://bags688.example.com,bags,,bags brand 688,bags,True,0
2845,Sportswear Brand 689,info689@sportswear689.example.com,https://sportswear689.example.com,sportswear,https://sportswear689.example.com/contact,sportswear brand 689,sportswear,True,1
2846,Shoes Brand 690,info690@shoes690.example.com,https://shoes690.example.com,shoes,https://shoes690.example.com/contact,shoes brand 690,shoes,True,0
2847,Clothing Brand 691,info691@clothing691.example.com,https://clothing691.example.com,beauty,https://clothing691.example.com/contact,clothing brand 691,beauty,True,1
2848,Jewellery Brand 692,info692@jewellery692.example.com,https://jewellery692.example.com,jewellery,https://jewellery692.example.com/contact,jewellery brand 692,jewellery,True,0
2850,Headwear Brand 694,info694@headwear694.example.com,https://headwear694.example.com,headwear,https://headwear694.example.com/contact,headwear brand 694,headwear,True,1
2851,Bags Brand 695,invalidemail,https://bags695.example.com,bags,https://bags695.example.com/contact,bags brand 695,bags,False,0
2852,Fashion Brand 696,info696@fashion696.example.com,https://fashion696.example.com,fashion,https://fashion696.example.com/contact,fashion brand 696,fashion,True,1
2853,Shoes Brand 697,info697@shoes697.example.com,https://shoes697.example.com,shoes,https://shoes697.example.com/contact,shoes brand 697,shoes,True,0
2854,Fashion Brand 698,contact@,https://fashion698.example.com,fashion,,fashion brand 698,fashion,False,1
2855,Clothing Brand 699,info699@clothing699.example.com,https://clothing699.example.com,food,https://clothing699.example.com/contact,clothing brand 699,food,True,1
2856,Clothing Brand 700,info700@clothing700.example.com,https://clothing700.example.com,clothing,,clothing brand 700,clothing,True,1
2857,Fashion Brand 701,info701@fashion701.example.com,https://fashion701.example.com,beauty,https://fashion701.example.com/contact,fashion brand 701,beauty,True,1
2858,Clothing Brand 702,info702@clothing702.example.com,https://clothing702.example.com,clothing,https://clothing702.example.com/contact,clothing brand 702,clothing,True,1
2859,Sportswear Brand 703,info703@sportswear703.example.com,https://sportswear703.example.com,sportswear,,sportswear brand 703,sportswear,True,1
2860,Shoes Brand 704,info704@shoes704.example.com,https://shoes704.example.com,beauty,https://shoes704.example.com/contact,shoes brand 704,beauty,True,0
2861,Sportswear Brand 705,info705@sportswear705.example.com,https://sportswear705.example.com,sportswear,https://sportswear705.example.com/contact,sportswear brand 705,sportswear,True,1
2862,Beauty Brand 706,info706@beauty706.example.com,https://beauty706.example.com,beauty,https://beauty706.example.com/contact,beauty brand 706,beauty,True,0
2863,Fashion Brand 707,info707@fashion707.example.com,https://fashion707.example.com,fashion,https://fashion707.example.com/contact,fashion brand 707,fashion,True,1
2864,Fashion Brand 708,info708@fashion708.example.com,https://fashion708.example.com,fashion,https://fashion708.example.com/contact,fashion brand 708,fashion,True,1
2866,Sportswear Brand 710,info710@sportswear710.example.com,https://sportswear710.example.com,sportswear,https://sportswear710.example.com/contact,sportswear brand 710,sportswear,True,1
2867,Bags Brand 711,info711@bags711.example.com,https://bags711.example.com,bags,,bags brand 711,bags,True,0
2869,Beauty Brand 713,info713@beauty713.example.com,https://beauty713.example.com,beauty,https://beauty713.example.com/contact,beauty brand 713,beauty,True,0
2870,Beauty Brand 714,invalidemail,https://beauty714.example.com,beauty,https://beauty714.example.com/contact,beauty brand 714,beauty,False,0
2872,Sportswear Brand 716,info716@sportswear716.example.com,https://sportswear716.example.com,sportswear,https://sportswear716.example.com/contact,sportswear brand 716,sportswear,True,1
2873,Clothing Brand 717,info717@clothing717.example.com,https://clothing717.example.com,clothing,https://clothing717.example.com/contact,clothing brand 717,clothing,True,1
2874,Beauty Brand 718,info718@beauty718.example.com,https://beauty718.example.com,beauty,,beauty brand 718,beauty,True,0
2875,Sportswear Brand 719,info719@sportswear719.example.com,https://sportswear719.example.com,food,,sportswear brand 719,food,True,1
2876,Fshion Brnd 720,,https://fashion720.example.com,fashion,https://fashion720.example.com/contact,fshion brnd 720,fashion,False,1
2877,Clothing Brand 721,info721@clothing721.example.com,https://clothing721.example.com,clothing,https://clothing721.example.com/contact,clothing brand 721,clothing,True,1
2878,Sportswear Brand 722,info722@sportswear722.example.com,https://sportswear722.example.com,sportswear,,sportswear brand 722,sportswear,True,1
2879,Beauty Brand 723,info723@beauty723.example.com,https://beauty723.example.com,beauty,https://beauty723.example.com/contact,beauty brand 723,beauty,True,0
2880,Skincr Brnd 724,info724@skincare724.example.com,https://skincare724.example.com,skincare,,skincr brnd 724,skincare,True,0
2881,Headwear Brand 725,info725@headwear725.example.com,https://headwear725.example.com,headwear,https://headwear725.example.com/contact,headwear brand 725,headwear,True,1
2882,Skincare Brand 726,info726@skincare726.example.com,https://skincare726.example.com,skincare,https://skincare726.example.com/contact,skincare brand 726,skincare,True,0
2883,Fshion Brnd 727,contact@,https://fashion727.example.com,fashion,https://fashion727.example.com/contact,fshion brnd 727,fashion,False,1
2884,Bags Brand 728,info728@bags728.example.com,https://bags728.example.com,bags,https://bags728.example.com/contact,bags brand 728,bags,True,0
2885,Beauty Brand 729,info729@beauty729.example.com,https://beauty729.example.com,beauty,https://beauty729.example.com/contact,beauty brand 729,beauty,True,0
2886,Shoes Brand 730,info730@shoes730.example.com,https://shoes730.example.com,shoes,https://shoes730.example.com/contact,shoes brand 730,shoes,True,0
2887,Sportswr Brnd 731,info731@sportswear731.example.com,https://sportswear731.example.com,sportswear,https://sportswear731.example.com/contact,sportswr brnd 731,sportswear,True,1
2888,Beauty Brand 732,info732@beauty732.example.com,https://beauty732.example.com,fitness,https://beauty732.example.com/contact,beauty brand 732,fitness,True,0
2889,Bags Brand 733,info733@bags733.example.com,https://bags733.example.com,fitness,https://bags733.example.com/contact,bags brand 733,fitness,True,0
2891,Clothing Brnd 735,info735@clothing735.example.com,https://clothing735.example.com,clothing,https://clothing735.example.com/contact,clothing brnd 735,clothing,True,1
2892,Jewellery Brand 736,info736@jewellery736.example.com,https://jewellery736.example.com,jewellery,,jewellery brand 736,jewellery,True,0
2893,Sportswear Brand 737,info737@sportswear737.example.com,https://sportswear737.example.com,sportswear,https://sportswear737.example.com/contact,sportswear brand 737,sportswear,True,1
2894,Clothing Brand 738,info738@clothing738.example.com,https://clothing738.example.com,clothing,https://clothing738.example.com/contact,clothing brand 738,clothing,True,1
2895,Headwear Brand 739,info739@headwear739.example.com,https://headwear739.example.com,headwear,,headwear brand 739,headwear,True,1
2896,Skincare Brand 740,invalidemail,https://skincare740.example.com,electronics,https://skincare740.example.com/contact,skincare brand 740,electronics,False,0
2897,Jewellery Brand 741,info741@jewellery741.example.com,https://jewellery741.example.com,jewellery,https://jewellery741.example.com/contact,jewellery brand 741,jewellery,True,0
2899,Fashion Brand 743,info743@fashion743.example.com,https://fashion743.example.com,fashion,https://fashion743.example.com/contact,fashion brand 743,fashion,True,1
2900,Skincare Brand 744,info744@skincare744.example.com,https://skincare744.example.com,skincare,https://skincare744.example.com/contact,skincare brand 744,skincare,True,0
2901,Fashion Brand 745,info745@fashion745.example.com,https://fashion745.example.com,fashion,https://fashion745.example.com/contact,fashion brand 745,fashion,True,1
2902,Shoes Brand 746,info746@shoes746.example.com,https://shoes746.example.com,shoes,https://shoes746.example.com/contact,shoes brand 746,shoes,True,0
2903,Headwear Brand 747,info747@headwear747.example.com,https://headwear747.example.com,headwear,https://headwear747.example.com/contact,headwear brand 747,headwear,True,1
2904,Jewellery Brand 748,info748@jewellery748.example.com,https://jewellery748.example.com,jewellery,https://jewellery748.example.com/contact,jewellery brand 748,jewellery,True,0
2905,Sportswear Brand 749,info749@sportswear749.example.com,https://sportswear749.example.com,sportswear,https://sportswear749.example.com/contact,sportswear brand 749,sportswear,True,1
2906,Fashion Brand 750,info750@fashion750.example.com,https://fashion750.example.com,fashion,https://fashion750.example.com/contact,fashion brand 750,fashion,True,1
2907,Clothing Brand 751,info751@clothing751.example.com,https://clothing751.example.com,clothing,https://clothing751.example.com/contact,clothing brand 751,clothing,True,1
2908,Sportswear Brand 752,info752@sportswear752.example.com,https://sportswear752.example.com,sportswear,https://sportswear752.example.com/contact,sportswear brand 752,sportswear,True,1
2909,Sportswear Brand 753,info753@sportswear753.example.com,https://sportswear753.example.com,fitness,https://sportswear753.example.com/contact,sportswear brand 753,fitness,True,1
2910,Jewellery Brand 754,info754@jewellery754.example.com,https://jewellery754.example.com,jewellery,https://jewellery754.example.com/contact,jewellery brand 754,jewellery,True,0
2911,Bags Brand 755,info755@bags755.example.com,https://bags755.example.com,bags,https://bags755.example.com/contact,bags brand 755,bags,True,0
2912,Shoes Brand 756,info756@shoes756.example.com,https://shoes756.example.com,electronics,https://shoes756.example.com/contact,shoes brand 756,electronics,True,0
2913,Hdwr Brnd 757,info757@headwear757.example.com,https://headwear757.example.com,headwear,https://headwear757.example.com/contact,hdwr brnd 757,headwear,True,1
2914,Shos Brnd 758,,https://shoes758.example.com,shoes,https://shoes758.example.com/contact,shos brnd 758,shoes,False,0
2915,Headwear Brand 759,info759@headwear759.example.com,https://headwear759.example.com,headwear,https://headwear759.example.com/contact,headwear brand 759,headwear,True,1
2918,Clothing Brand 762,info762@clothing762.example.com,https://clothing762.example.com,food,https://clothing762.example.com/contact,clothing brand 762,food,True,1
2919,Skincare Brand 763,info763@skincare763.example.com,https://skincare763.example.com,skincare,https://skincare763.example.com/contact,skincare brand 763,skincare,True,0
2920,Shoes Brand 764,info764@shoes764.example.com,https://shoes764.example.com,shoes,https://shoes764.example.com/contact,shoes brand 764,shoes,True,0
2921,Headwear Brand 765,info765@headwear765.example.com,https://headwear765.example.com,headwear,https://headwear765.example.com/contact,headwear brand 765,headwear,True,1
2922,Clothing Brand 766,invalidemail,https://clothing766.example.com,clothing,https://clothing766.example.com/contact,clothing brand 766,clothing,False,1
2923,Clothing Brand 767,info767@clothing767.example.com,https://clothing767.example.com,clothing,https://clothing767.example.com/contact,clothing brand 767,clothing,True,1
2924,Fashion Brand 768,info768@fashion768.example.com,https://fashion768.example.com,fashion,https://fashion768.example.com/contact,fashion brand 768,fashion,True,1
2925,Headwear Brand 769,info769@headwear769.example.com,https://headwear769.example.com,headwear,https://headwear769.example.com/contact,headwear brand 769,headwear,True,1
2926,Bgs Brnd 770,info770@bags770.example.com,https://bags770.example.com,bags,https://bags770.example.com/contact,bgs brnd 770,bags,True,0
2927,Jewellery Brand 771,info771@jewellery771.example.com,https://jewellery771.example.com,jewellery,https://jewellery771.example.com/contact,jewellery brand 771,jewellery,True,0
2928,Headwear Brand 772,contact@,https://headwear772.example.com,headwear,https://headwear772.example.com/contact,headwear brand 772,headwear,False,1
2929,Sportswear Brand 773,info773@sportswear773.example.com,https://sportswear773.example.com,sportswear,https://sportswear773.example.com/contact,sportswear brand 773,sportswear,True,1
2930,Shoes Brand 774,info774@shoes774.example.com,https://shoes774.example.com,food,https://shoes774.example.com/contact,shoes brand 774,food,True,0
2931,Headwear Brand 775,info775@headwear775.example.com,https://headwear775.example.com,headwear,https://headwear775.example.com/contact,headwear brand 775,headwear,True,1
2933,Clothing Brand 777,info777@clothing777.example.com,https://clothing777.example.com,clothing,https://clothing777.example.com/contact,clothing brand 777,clothing,True,1
2934,Jewellery Brand 778,info778@jewellery778.example.com,https://jewellery778.example.com,jewellery,https://jewellery778.example.com/contact,jewellery brand 778,jewellery,True,0
2935,Sportswear Brand 779,info779@sportswear779.example.com,https://sportswear779.example.com,sportswear,https://sportswear779.example.com/contact,sportswear brand 779,sportswear,True,1
2936,Shoes Brand 780,info780@shoes780.example.com,https://shoes780.example.com,electronics,https://shoes780.example.com/contact,shoes brand 780,electronics,True,0
2937,Skincare Brand 781,info781@skincare781.example.com,https://skincare781.example.com,skincare,https://skincare781.example.com/contact,skincare brand 781,skincare,True,0
2938,Hdwr Brnd 782,info782@headwear782.example.com,https://headwear782.example.com,headwear,https://headwear782.example.com/contact,hdwr brnd 782,headwear,True,1
2939,Jwllry Brnd 783,info783@jewellery783.example.com,https://jewellery783.example.com,jewellery,https://jewellery783.example.com/contact,jwllry brnd 783,jewellery,True,0
2940,Headwear Brand 784,info784@headwear784.example.com,https://headwear784.example.com,headwear,https://headwear784.example.com/contact,headwear brand 784,headwear,True,1
2941,Headwear Brand 785,info785@headwear785.example.com,https://headwear785.example.com,headwear,https://headwear785.example.com/contact,headwear brand 785,headwear,True,1
2942,Jewellery Brand 786,info786@jewellery786.example.com,https://jewellery786.example.com,jewellery,https://jewellery786.example.com/contact,jewellery brand 786,jewellery,True,0
2943,Headwear Brand 787,info787@headwear787.example.com,https://headwear787.example.com,headwear,,headwear brand 787,headwear,True,1
2944,Buty Brnd 788,info788@beauty788.example.com,https://beauty788.example.com,beauty,https://beauty788.example.com/contact,buty brnd 788,beauty,True,0
2945,Bags Brand 789,info789@bags789.example.com,https://bags789.example.com,bags,https://bags789.example.com/contact,bags brand 789,bags,True,0
2946,Clothing Brnd 790,info790@clothing790.example.com,https://clothing790.example.com,beauty,https://clothing790.example.com/contact,clothing brnd 790,beauty,True,1
2947,Beauty Brand 791,info791@beauty791.example.com,https://beauty791.example.com,beauty,https://beauty791.example.com/contact,beauty brand 791,beauty,True,0
2948,Sportswear Brand 792,user_at_mail.com,https://sportswear792.example.com,sportswear,https://sportswear792.example.com/contact,sportswear brand 792,sportswear,False,1
2949,Bags Brand 793,info793@bags793.example.com,https://bags793.example.com,bags,https://bags793.example.com/contact,bags brand 793,bags,True,0
2950,Clothing Brand 794,info794@clothing794.example.com,https://clothing794.example.com,clothing,https://clothing794.example.com/contact,clothing brand 794,clothing,True,1
2951,Headwear Brand 795,info795@headwear795.example.com,https://headwear795.example.com,headwear,https://headwear795.example.com/contact,headwear brand 795,headwear,True,1
2952,Headwear Brand 796,info796@headwear796.example.com,https://headwear796.example.com,headwear,https://headwear796.example.com/contact,headwear brand 796,headwear,True,1
2953,Skincare Brand 797,info797@skincare797.example.com,https://skincare797.example.com,skincare,https://skincare797.example.com/contact,skincare brand 797,skincare,True,0
2954,Beauty Brand 798,invalidemail,https://beauty798.example.com,beauty,https://beauty798.example.com/contact,beauty brand 798,beauty,False,0
2955,Clothing Brand 799,info799@clothing799.example.com,https://clothing799.example.com,pets,https://clothing799.example.com/contact,clothing brand 799,pets,True,1
2956,Fashion Brand 800,info800@fashion800.example.com,https://fashion800.example.com,fashion,https://fashion800.example.com/contact,fashion brand 800,fashion,True,1
2957,Shoes Brand 801,info801@shoes801.example.com,https://shoes801.example.com,shoes,https://shoes801.example.com/contact,shoes brand 801,shoes,True,0
2958,Jewellery Brand 802,info802@jewellery802.example.com,https://jewellery802.example.com,jewellery,https://jewellery802.example.com/contact,jewellery brand 802,jewellery,True,0
2959,Bags Brand 803,info803@bags803.example.com,https://bags803.example.com,bags,https://bags803.example.com/contact,bags brand 803,bags,True,0
2960,Clothing Brand 804,info804@clothing804.example.com,https://clothing804.example.com,clothing,https://clothing804.example.com/contact,clothing brand 804,clothing,True,1
2961,Shoes Brand 805,info805@shoes805.example.com,https://shoes805.example.com,shoes,,shoes brand 805,shoes,True,0
2962,Sportswear Brand 806,info806@sportswear806.example.com,https://sportswear806.example.com,sportswear,https://sportswear806.example.com/contact,sportswear brand 806,sportswear,True,1
2963,Shoes Brand 807,info807@shoes807.example.com,https://shoes807.example.com,shoes,https://shoes807.example.com/contact,shoes brand 807,shoes,True,0
2964,Fashion Brand 808,info808@fashion808.example.com,https://fashion808.example.com,fashion,https://fashion808.example.com/contact,fashion brand 808,fashion,True,1
2967,Bags Brand 811,contact@,https://bags811.example.com,bags,https://bags811.example.com/contact,bags brand 811,bags,False,0
2968,Fashion Brand 812,info812@fashion812.example.com,https://fashion812.example.com,fashion,https://fashion812.example.com/contact,fashion brand 812,fashion,True,1
2969,Sportswear Brand 813,info813@sportswear813.example.com,https://sportswear813.example.com,sportswear,https://sportswear813.example.com/contact,sportswear brand 813,sportswear,True,1
2970,Headwear Brand 814,info814@headwear814.example.com,https://headwear814.example.com,headwear,https://headwear814.example.com/contact,headwear brand 814,headwear,True,1
2971,Bags Brand 815,info815@bags815.example.com,https://bags815.example.com,bags,,bags brand 815,bags,True,0
2972,Jewellery Brand 816,info816@jewellery816.example.com,https://jewellery816.example.com,jewellery,,jewellery brand 816,jewellery,True,0
2973,Skincare Brand 817,info817@skincare817.example.com,https://skincare817.example.com,skincare,https://skincare817.example.com/contact,skincare brand 817,skincare,True,0
2974,Clothing Brand 818,info818@clothing818.example.com,https://clothing818.example.com,clothing,https://clothing818.example.com/contact,clothing brand 818,clothing,True,1
2975,Headwear Brand 819,contact@,https://headwear819.example.com,headwear,https://headwear819.example.com/contact,headwear brand 819,headwear,False,1
2976,Clothing Brand 820,info820@clothing820.example.com,https://clothing820.example.com,clothing,https://clothing820.example.com/contact,clothing brand 820,clothing,True,1
2977,Jewellery Brand 821,info821@jewellery821.example.com,https://jewellery821.example.com,jewellery,https://jewellery821.example.com/contact,jewellery brand 821,jewellery,True,0
2978,Skincare Brand 822,info822@skincare822.example.com,https://skincare822.example.com,skincare,https://skincare822.example.com/contact,skincare brand 822,skincare,True,0
2979,Jewellery Brand 823,info823@jewellery823.example.com,https://jewellery823.example.com,jewellery,https://jewellery823.example.com/contact,jewellery brand 823,jewellery,True,0
2980,Fashion Brand 824,info824@fashion824.example.com,https://fashion824.example.com,fashion,https://fashion824.example.com/contact,fashion brand 824,fashion,True,1
2981,Shos Brnd 825,info825@shoes825.example.com,https://shoes825.example.com,shoes,,shos brnd 825,shoes,True,0
2982,Beauty Brand 826,info826@beauty826.example.com,https://beauty826.example.com,beauty,https://beauty826.example.com/contact,beauty brand 826,beauty,True,0
2983,Hdwr Brnd 827,invalidemail,https://headwear827.example.com,food,https://headwear827.example.com/contact,hdwr brnd 827,food,False,0
2984,Fashion Brand 828,info828@fashion828.example.com,https://fashion828.example.com,fashion,https://fashion828.example.com/contact,fashion brand 828,fashion,True,1
2985,Shoes Brand 829,info829@shoes829.example.com,https://shoes829.example.com,shoes,https://shoes829.example.com/contact,shoes brand 829,shoes,True,0
2986,Bags Brand 830,info830@bags830.example.com,https://bags830.example.com,bags,https://bags830.example.com/contact,bags brand 830,bags,True,0
2987,Headwear Brand 831,info831@headwear831.example.com,https://headwear831.example.com,headwear,,headwear brand 831,headwear,True,1
2988,Bags Brand 832,info832@bags832.example.com,https://bags832.example.com,food,,bags brand 832,food,True,0
2989,Jewellery Brand 833,info833@jewellery833.example.com,https://jewellery833.example.com,jewellery,https://jewellery833.example.com/contact,jewellery brand 833,jewellery,True,0
2990,Clothing Brand 834,info834@clothing834.example.com,https://clothing834.example.com,clothing,https://clothing834.example.com/contact,clothing brand 834,clothing,True,1
2991,Jewellery Brand 835,info835@jewellery835.example.com,https://jewellery835.example.com,jewellery,https://jewellery835.example.com/contact,jewellery brand 835,jewellery,True,0
2992,Jewellery Brand 836,info836@jewellery836.example.com,https://jewellery836.example.com,jewellery,https://jewellery836.example.com/contact,jewellery brand 836,jewellery,True,0
2993,Fashion Brand 837,info837@fashion837.example.com,https://fashion837.example.com,fashion,https://fashion837.example.com/contact,fashion brand 837,fashion,True,1
2994,Headwear Brand 838,info838@headwear838.example.com,https://headwear838.example.com,headwear,https://headwear838.example.com/contact,headwear brand 838,headwear,True,1
2995,Headwear Brand 839,info839@headwear839.example.com,https://headwear839.example.com,headwear,https://headwear839.example.com/contact,headwear brand 839,headwear,True,1
2996,Headwear Brand 840,info840@headwear840.example.com,https://headwear840.example.com,headwear,https://headwear840.example.com/contact,headwear brand 840,headwear,True,1
2997,Jewellery Brand 841,info841@jewellery841.example.com,https://jewellery841.example.com,food,https://jewellery841.example.com/contact,jewellery brand 841,food,True,0
2998,Clothing Brnd 842,info842@clothing842.example.com,https://clothing842.example.com,clothing,https://clothing842.example.com/contact,clothing brnd 842,clothing,True,1
3000,Clothing Brand 844,info844@clothing844.example.com,https://clothing844.example.com,clothing,https://clothing844.example.com/contact,clothing brand 844,clothing,True,1
3001,Shoes Brand 845,info845@shoes845.example.com,https://shoes845.example.com,shoes,https://shoes845.example.com/contact,shoes brand 845,shoes,True,0
3002,Headwear Brand 846,info846@headwear846.example.com,https://headwear846.example.com,headwear,https://headwear846.example.com/contact,headwear brand 846,headwear,True,1
3003,Shoes Brand 847,info847@shoes847.example.com,https://shoes847.example.com,food,https://shoes847.example.com/contact,shoes brand 847,food,True,0
3004,Fashion Brand 848,info848@fashion848.example.com,https://fashion848.example.com,fashion,https://fashion848.example.com/contact,fashion brand 848,fashion,True,1
3005,Sportswear Brand 849,info849@sportswear849.example.com,https://sportswear849.example.com,sportswear,https://sportswear849.example.com/contact,sportswear brand 849,sportswear,True,1
3006,Headwear Brand 850,info850@headwear850.example.com,https://headwear850.example.com,headwear,,headwear brand 850,headwear,True,1
3007,Fshion Brnd 851,info851@fashion851.example.com,https://fashion851.example.com,fashion,https://fashion851.example.com/contact,fshion brnd 851,fashion,True,1
3009,Headwear Brand 853,info853@headwear853.example.com,https://headwear853.example.com,headwear,,headwear brand 853,headwear,True,1
3010,Fashion Brand 854,info854@fashion854.example.com,https://fashion854.example.com,fashion,https://fashion854.example.com/contact,fashion brand 854,fashion,True,1
3011,Clothing Brand 855,info855@clothing855.example.com,https://clothing855.example.com,clothing,https://clothing855.example.com/contact,clothing brand 855,clothing,True,1
3012,Clothing Brnd 856,info856@clothing856.example.com,https://clothing856.example.com,clothing,https://clothing856.example.com/contact,clothing brnd 856,clothing,True,1
3013,Headwear Brand 857,invalidemail,https://headwear857.example.com,headwear,https://headwear857.example.com/contact,headwear brand 857,headwear,False,1
3014,Hdwr Brnd 858,info858@headwear858.example.com,https://headwear858.example.com,headwear,https://headwear858.example.com/contact,hdwr brnd 858,headwear,True,1
3015,Jewellery Brand 859,info859@jewellery859.example.com,https://jewellery859.example.com,electronics,https://jewellery859.example.com/contact,jewellery brand 859,electronics,True,0
3016,Fashion Brand 860,info860@fashion860.example.com,https://fashion860.example.com,electronics,https://fashion860.example.com/contact,fashion brand 860,electronics,True,1
3017,Shoes Brand 861,info861@shoes861.example.com,https://shoes861.example.com,shoes,https://shoes861.example.com/contact,shoes brand 861,shoes,True,0
3018,Skincare Brand 862,info862@skincare862.example.com,https://skincare862.example.com,skincare,,skincare brand 862,skincare,True,0
3019,Clothing Brand 863,info863@clothing863.example.com,https://clothing863.example.com,clothing,https://clothing863.example.com/contact,clothing brand 863,clothing,True,1
3020,Shoes Brand 864,user_at_mail.com,https://shoes864.example.com,shoes,https://shoes864.example.com/contact,shoes brand 864,shoes,False,0
3022,Beauty Brand 866,info866@beauty866.example.com,https://beauty866.example.com,electronics,https://beauty866.example.com/contact,beauty brand 866,electronics,True,0
3023,Shoes Brand 867,invalidemail,https://shoes867.example.com,shoes,https://shoes867.example.com/contact,shoes brand 867,shoes,False,0
3024,Bags Brand 868,info868@bags868.example.com,https://bags868.example.com,bags,https://bags868.example.com/contact,bags brand 868,bags,True,0
3025,Shoes Brand 869,info869@shoes869.example.com,https://shoes869.example.com,shoes,,shoes brand 869,shoes,True,0
3026,Beauty Brand 870,info870@beauty870.example.com,https://beauty870.example.com,beauty,https://beauty870.example.com/contact,beauty brand 870,beauty,True,0
3027,Bags Brand 871,info871@bags871.example.com,https://bags871.example.com,bags,https://bags871.example.com/contact,bags brand 871,bags,True,0
3028,Headwear Brand 872,info872@headwear872.example.com,https://headwear872.example.com,headwear,https://headwear872.example.com/contact,headwear brand 872,headwear,True,1
3029,Shoes Brand 873,info873@shoes873.example.com,https://shoes873.example.com,shoes,https://shoes873.example.com/contact,shoes brand 873,shoes,True,0
3030,Clothing Brand 874,invalidemail,https://clothing874.example.com,clothing,https://clothing874.example.com/contact,clothing brand 874,clothing,False,1
3031,Beauty Brand 875,info875@beauty875.example.com,https://beauty875.example.com,beauty,https://beauty875.example.com/contact,beauty brand 875,beauty,True,0
3032,Shoes Brand 876,info876@shoes876.example.com,https://shoes876.example.com,shoes,https://shoes876.example.com/contact,shoes brand 876,shoes,True,0
3033,Clothing Brand 877,info877@clothing877.example.com,https://clothing877.example.com,clothing,https://clothing877.example.com/contact,clothing brand 877,clothing,True,1
3034,Jewellery Brand 878,,https://jewellery878.example.com,electronics,https://jewellery878.example.com/contact,jewellery brand 878,electronics,False,0
3035,Jewellery Brand 879,info879@jewellery879.example.com,https://jewellery879.example.com,jewellery,https://jewellery879.example.com/contact,jewellery brand 879,jewellery,True,0
3036,Fashion Brand 880,contact@,https://fashion880.example.com,fashion,https://fashion880.example.com/contact,fashion brand 880,fashion,False,1
3037,Clothing Brand 881,,https://clothing881.example.com,clothing,https://clothing881.example.com/contact,clothing brand 881,clothing,False,1
3039,Jewellery Brand 883,info883@jewellery883.example.com,https://jewellery883.example.com,jewellery,https://jewellery883.example.com/contact,jewellery brand 883,jewellery,True,0
3040,Beauty Brand 884,info884@beauty884.example.com,https://beauty884.example.com,beauty,https://beauty884.example.com/contact,beauty brand 884,beauty,True,0
3041,Clothing Brand 885,info885@clothing885.example.com,https://clothing885.example.com,clothing,https://clothing885.example.com/contact,clothing brand 885,clothing,True,1
3042,Beauty Brand 886,user_at_mail.com,https://beauty886.example.com,beauty,https://beauty886.example.com/contact,beauty brand 886,beauty,False,0
3043,Beauty Brand 887,info887@beauty887.example.com,https://beauty887.example.com,beauty,https://beauty887.example.com/contact,beauty brand 887,beauty,True,0
3044,Shoes Brand 888,info888@shoes888.example.com,https://shoes888.example.com,shoes,https://shoes888.example.com/contact,shoes brand 888,shoes,True,0
3045,Beauty Brand 889,info889@beauty889.example.com,https://beauty889.example.com,beauty,https://beauty889.example.com/contact,beauty brand 889,beauty,True,0
3046,Shoes Brand 890,info890@shoes890.example.com,https://shoes890.example.com,shoes,https://shoes890.example.com/contact,shoes brand 890,shoes,True,0
3047,Beauty Brand 891,info891@beauty891.example.com,https://beauty891.example.com,beauty,https://beauty891.example.com/contact,beauty brand 891,beauty,True,0
3048,Bags Brand 892,contact@,https://bags892.example.com,bags,https://bags892.example.com/contact,bags brand 892,bags,False,0
3050,Headwear Brand 894,info894@headwear894.example.com,https://headwear894.example.com,headwear,https://headwear894.example.com/contact,headwear brand 894,headwear,True,1
3051,Shoes Brand 895,info895@shoes895.example.com,https://shoes895.example.com,shoes,,shoes brand 895,shoes,True,0
3052,Fashion Brand 896,info896@fashion896.example.com,https://fashion896.example.com,fashion,https://fashion896.example.com/contact,fashion brand 896,fashion,True,1
3053,Beauty Brand 897,contact@,https://beauty897.example.com,beauty,https://beauty897.example.com/contact,beauty brand 897,beauty,False,0
3054,Sportswear Brand 898,info898@sportswear898.example.com,https://sportswear898.example.com,sportswear,,sportswear brand 898,sportswear,True,1
3055,Clothing Brand 899,info899@clothing899.example.com,https://clothing899.example.com,clothing,https://clothing899.example.com/contact,clothing brand 899,clothing,True,1
3056,Fashion Brand 900,info900@fashion900.example.com,https://fashion900.example.com,fashion,https://fashion900.example.com/contact,fashion brand 900,fashion,True,1
3057,Skincare Brand 901,info901@skincare901.example.com,https://skincare901.example.com,skincare,https://skincare901.example.com/contact,skincare brand 901,skincare,True,0
3058,Bgs Brnd 902,info902@bags902.example.com,https://bags902.example.com,bags,https://bags902.example.com/contact,bgs brnd 902,bags,True,0
3059,Skincare Brand 903,info903@skincare903.example.com,https://skincare903.example.com,skincare,https://skincare903.example.com/contact,skincare brand 903,skincare,True,0
3060,Headwear Brand 904,info904@headwear904.example.com,https://headwear904.example.com,headwear,https://headwear904.example.com/contact,headwear brand 904,headwear,True,1
3061,Sportswear Brand 905,info905@sportswear905.example.com,https://sportswear905.example.com,sportswear,https://sportswear905.example.com/contact,sportswear brand 905,sportswear,True,1
3062,Clothing Brand 906,info906@clothing906.example.com,https://clothing906.example.com,clothing,https://clothing906.example.com/contact,clothing brand 906,clothing,True,1
3063,Skincare Brand 907,info907@skincare907.example.com,https://skincare907.example.com,skincare,https://skincare907.example.com/contact,skincare brand 907,skincare,True,0
3064,Sportswear Brand 908,info908@sportswear908.example.com,https://sportswear908.example.com,sportswear,https://sportswear908.example.com/contact,sportswear brand 908,sportswear,True,1
3066,Fashion Brand 910,info910@fashion910.example.com,https://fashion910.example.com,fashion,,fashion brand 910,fashion,True,1
3067,Jewellery Brand 911,info911@jewellery911.example.com,https://jewellery911.example.com,pets,https://jewellery911.example.com/contact,jewellery brand 911,pets,True,0
3068,Clothing Brand 912,info912@clothing912.example.com,https://clothing912.example.com,clothing,https://clothing912.example.com/contact,clothing brand 912,clothing,True,1
3069,Skincare Brand 913,info913@skincare913.example.com,https://skincare913.example.com,skincare,https://skincare913.example.com/contact,skincare brand 913,skincare,True,0
3070,Skincare Brand 914,info914@skincare914.example.com,https://skincare914.example.com,skincare,https://skincare914.example.com/contact,skincare brand 914,skincare,True,0
3071,Skincare Brand 915,info915@skincare915.example.com,https://skincare915.example.com,skincare,,skincare brand 915,skincare,True,0
3072,Skincare Brand 916,info916@skincare916.example.com,https://skincare916.example.com,skincare,https://skincare916.example.com/contact,skincare brand 916,skincare,True,0
3073,Headwear Brand 917,info917@headwear917.example.com,https://headwear917.example.com,headwear,,headwear brand 917,headwear,True,1
3074,Clothing Brand 918,info918@clothing918.example.com,https://clothing918.example.com,clothing,https://clothing918.example.com/contact,clothing brand 918,clothing,True,1
3075,Clothing Brand 919,info919@clothing919.example.com,https://clothing919.example.com,clothing,https://clothing919.example.com/contact,clothing brand 919,clothing,True,1
3076,Headwear Brand 920,info920@headwear920.example.com,https://headwear920.example.com,headwear,https://headwear920.example.com/contact,headwear brand 920,headwear,True,1
3077,Shoes Brand 921,user_at_mail.com,https://shoes921.example.com,shoes,https://shoes921.example.com/contact,shoes brand 921,shoes,False,0
3078,Skincare Brand 922,info922@skincare922.example.com,https://skincare922.example.com,skincare,https://skincare922.example.com/contact,skincare brand 922,skincare,True,0
3079,Clothing Brand 923,info923@clothing923.example.com,https://clothing923.example.com,clothing,https://clothing923.example.com/contact,clothing brand 923,clothing,True,1
3080,Bags Brand 924,info924@bags924.example.com,https://bags924.example.com,bags,https://bags924.example.com/contact,bags brand 924,bags,True,0
3081,Jewellery Brand 925,info925@jewellery925.example.com,https://jewellery925.example.com,jewellery,https://jewellery925.example.com/contact,jewellery brand 925,jewellery,True,0
3082,Shoes Brand 926,info926@shoes926.example.com,https://shoes926.example.com,shoes,https://shoes926.example.com/contact,shoes brand 926,shoes,True,0
3083,Fashion Brand 927,info927@fashion927.example.com,https://fashion927.example.com,fashion,,fashion brand 927,fashion,True,1
3084,Sportswear Brand 928,info928@sportswear928.example.com,https://sportswear928.example.com,sportswear,,sportswear brand 928,sportswear,True,1
3085,Skincare Brand 929,info929@skincare929.example.com,https://skincare929.example.com,skincare,https://skincare929.example.com/contact,skincare brand 929,skincare,True,0
3086,Beauty Brand 930,info930@beauty930.example.com,https://beauty930.example.com,beauty,https://beauty930.example.com/contact,beauty brand 930,beauty,True,0
3087,Fashion Brand 931,info931@fashion931.example.com,https://fashion931.example.com,fashion,,fashion brand 931,fashion,True,1
3088,Shos Brnd 932,info932@shoes932.example.com,https://shoes932.example.com,shoes,https://shoes932.example.com/contact,shos brnd 932,shoes,True,0
3089,Skincare Brand 933,info933@skincare933.example.com,https://skincare933.example.com,skincare,https://skincare933.example.com/contact,skincare brand 933,skincare,True,0
3090,Clothing Brand 934,info934@clothing934.example.com,https://clothing934.example.com,clothing,https://clothing934.example.com/contact,clothing brand 934,clothing,True,1
3091,Fshion Brnd 935,info935@fashion935.example.com,https://fashion935.example.com,fashion,https://fashion935.example.com/contact,fshion brnd 935,fashion,True,1
3093,Fashion Brand 143,info143@fashion143.example.com,https://fashion143.example.com,fashion,https://fashion143.example.com/contact,fashion brand 143,fashion,True,1
3096,Skincare Brand 350,info350@skincare350.example.com,https://skincare350.example.com,fitness,,skincare brand 350,fitness,True,0
3101,Jewellery Brand 99,info99@jewellery99.example.com,https://jewellery99.example.com,jewellery,https://jewellery99.example.com/contact,jewellery brand 99,jewellery,True,0
3106,Beauty Brand 308,info308@beauty308.example.com,https://beauty308.example.com,beauty,,beauty brand 308,beauty,True,0
3108,Headwear Brand 313,info313@headwear313.example.com,https://headwear313.example.com,headwear,,headwear brand 313,headwear,True,1
3109,Bags Brand 360,info360@bags360.example.com,https://bags360.example.com,bags,,bags brand 360,bags,True,0
3110,Jewellery Brand 51,info51@jewellery51.example.com,https://jewellery51.example.com,jewellery,https://jewellery51.example.com/contact,jewellery brand 51,jewellery,True,0
3111,Fashion Brand 17,info17@fashion17.example.com,https://fashion17.example.com,fashion,https://fashion17.example.com/contact,fashion brand 17,fashion,True,1
2826,Headwear Brand 670,info670@headwear670.example.com,https://headwear670.example.com,headwear,,headwear brand 670,headwear,True,1
2868,Shoes Brand 712,info712@shoes712.example.com,https://shoes712.example.com,shoes,https://shoes712.example.com/contact,shoes brand 712,shoes,True,0
3021,Beauty Brand 865,,https://beauty865.example.com,beauty,https://beauty865.example.com/contact,beauty brand 865,beauty,False,0
2174,Sportswear Brand 18,info18@sportswear18.example.com,https://sportswear18.example.com,sportswear,,sportswear brand 18,sportswear,True,1
2175,Shos Brnd 19,user_at_mail.com,https://shoes19.example.com,shoes,https://shoes19.example.com/contact,shos brnd 19,shoes,False,0
2176,Fashion Brand 20,info20@fashion20.example.com,https://fashion20.example.com,fashion,https://fashion20.example.com/contact,fashion brand 20,fashion,True,1
2177,Headwear Brand 21,info21@headwear21.example.com,https://headwear21.example.com,headwear,https://headwear21.example.com/contact,headwear brand 21,headwear,True,1
2178,Headwear Brand 22,info22@headwear22.example.com,https://headwear22.example.com,fitness,https://headwear22.example.com/contact,headwear brand 22,fitness,True,1
2179,Sportswr Brnd 23,info23@sportswear23.example.com,https://sportswear23.example.com,sportswear,https://sportswear23.example.com/contact,sportswr brnd 23,sportswear,True,1
2180,Fashion Brand 24,info24@fashion24.example.com,https://fashion24.example.com,fashion,https://fashion24.example.com/contact,fashion brand 24,fashion,True,1
2182,Bags Brand 26,invalidemail,https://bags26.example.com,bags,https://bags26.example.com/contact,bags brand 26,bags,False,0
2183,Skincare Brand 27,info27@skincare27.example.com,https://skincare27.example.com,beauty,https://skincare27.example.com/contact,skincare brand 27,beauty,True,0
2184,Clothing Brand 28,user_at_mail.com,https://clothing28.example.com,clothing,https://clothing28.example.com/contact,clothing brand 28,clothing,False,1
2185,Bags Brand 29,info29@bags29.example.com,https://bags29.example.com,bags,,bags brand 29,bags,True,0
2186,Sportswear Brand 30,info30@sportswear30.example.com,https://sportswear30.example.com,sportswear,,sportswear brand 30,sportswear,True,1
2187,Beauty Brand 31,info31@beauty31.example.com,https://beauty31.example.com,beauty,https://beauty31.example.com/contact,beauty brand 31,beauty,True,0
2188,Bags Brand 32,info32@bags32.example.com,https://bags32.example.com,bags,https://bags32.example.com/contact,bags brand 32,bags,True,0
2189,Skincare Brand 33,info33@skincare33.example.com,https://skincare33.example.com,skincare,https://skincare33.example.com/contact,skincare brand 33,skincare,True,0
2190,Shoes Brand 34,info34@shoes34.example.com,https://shoes34.example.com,shoes,https://shoes34.example.com/contact,shoes brand 34,shoes,True,0
2191,Beauty Brand 35,info35@beauty35.example.com,https://beauty35.example.com,beauty,https://beauty35.example.com/contact,beauty brand 35,beauty,True,0
2192,Clothing Brand 36,info36@clothing36.example.com,https://clothing36.example.com,clothing,https://clothing36.example.com/contact,clothing brand 36,clothing,True,1
2193,Beauty Brand 37,info37@beauty37.example.com,https://beauty37.example.com,beauty,https://beauty37.example.com/contact,beauty brand 37,beauty,True,0
2194,Headwear Brand 38,info38@headwear38.example.com,https://headwear38.example.com,electronics,,headwear brand 38,electronics,True,1
2195,Headwear Brand 39,info39@headwear39.example.com,https://headwear39.example.com,headwear,https://headwear39.example.com/contact,headwear brand 39,headwear,True,1
2196,Sportswear Brand 40,info40@sportswear40.example.com,https://sportswear40.example.com,sportswear,https://sportswear40.example.com/contact,sportswear brand 40,sportswear,True,1
2157,Fashion Brand 1,info1@fashion1.example.com,https://fashion1.example.com,pets,,fashion brand 1,pets,True,1
2158,Sportswear Brand 2,info2@sportswear2.example.com,https://sportswear2.example.com,sportswear,,sportswear brand 2,sportswear,True,1
2159,Sportswear Brand 3,info3@sportswear3.example.com,https://sportswear3.example.com,beauty,https://sportswear3.example.com/contact,sportswear brand 3,beauty,True,1
2160,Clothing Brand 4,user_at_mail.com,https://clothing4.example.com,clothing,https://clothing4.example.com/contact,clothing brand 4,clothing,False,1
2162,Sportswear Brand 6,info6@sportswear6.example.com,https://sportswear6.example.com,sportswear,https://sportswear6.example.com/contact,sportswear brand 6,sportswear,True,1
2163,Clothing Brand 7,info7@clothing7.example.com,https://clothing7.example.com,clothing,,clothing brand 7,clothing,True,1
2164,Skincr Brnd 8,info8@skincare8.example.com,https://skincare8.example.com,skincare,,skincr brnd 8,skincare,True,0
2165,Bags Brand 9,info9@bags9.example.com,https://bags9.example.com,bags,,bags brand 9,bags,True,0
2166,Clothing Brand 10,info10@clothing10.example.com,https://clothing10.example.com,clothing,,clothing brand 10,clothing,True,1
2167,Clothing Brand 11,info11@clothing11.example.com,https://clothing11.example.com,clothing,https://clothing11.example.com/contact,clothing brand 11,clothing,True,1
2168,Beauty Brand 12,info12@beauty12.example.com,https://beauty12.example.com,beauty,,beauty brand 12,beauty,True,0
2169,Sportswear Brand 13,info13@sportswear13.example.com,https://sportswear13.example.com,sportswear,https://sportswear13.example.com/contact,sportswear brand 13,sportswear,True,1
2170,Jewellery Brand 14,info14@jewellery14.example.com,https://jewellery14.example.com,jewellery,,jewellery brand 14,jewellery,True,0
2171,Sportswear Brand 15,info15@sportswear15.example.com,https://sportswear15.example.com,sportswear,,sportswear brand 15,sportswear,True,1
2172,Bags Brand 16,info16@bags16.example.com,https://bags16.example.com,food,https://bags16.example.com/contact,bags brand 16,food,True,0
2197,Sportswear Brand 41,info41@sportswear41.example.com,https://sportswear41.example.com,beauty,https://sportswear41.example.com/contact,sportswear brand 41,beauty,True,1
2198,Fashion Brand 42,info42@fashion42.example.com,https://fashion42.example.com,fashion,,fashion brand 42,fashion,True,1
2199,Bags Brand 43,info43@bags43.example.com,https://bags43.example.com,bags,https://bags43.example.com/contact,bags brand 43,bags,True,0
2200,Hdwr Brnd 44,,https://headwear44.example.com,headwear,https://headwear44.example.com/contact,hdwr brnd 44,headwear,False,1
2201,Beauty Brand 45,info45@beauty45.example.com,https://beauty45.example.com,beauty,https://beauty45.example.com/contact,beauty brand 45,beauty,True,0
2202,Bags Brand 46,info46@bags46.example.com,https://bags46.example.com,bags,https://bags46.example.com/contact,bags brand 46,bags,True,0
2203,Shoes Brand 47,info47@shoes47.example.com,https://shoes47.example.com,shoes,https://shoes47.example.com/contact,shoes brand 47,shoes,True,0
2204,Fashion Brand 48,info48@fashion48.example.com,https://fashion48.example.com,fashion,https://fashion48.example.com/contact,fashion brand 48,fashion,True,1
2205,Sportswear Brand 49,info49@sportswear49.example.com,https://sportswear49.example.com,sportswear,https://sportswear49.example.com/contact,sportswear brand 49,sportswear,True,1
2206,Fashion Brand 50,info50@fashion50.example.com,https://fashion50.example.com,fashion,https://fashion50.example.com/contact,fashion brand 50,fashion,True,1
2208,Beauty Brand 52,info52@beauty52.example.com,https://beauty52.example.com,beauty,https://beauty52.example.com/contact,beauty brand 52,beauty,True,0
2209,Hdwr Brnd 53,info53@headwear53.example.com,https://headwear53.example.com,electronics,https://headwear53.example.com/contact,hdwr brnd 53,electronics,True,0
2210,Clothing Brand 54,info54@clothing54.example.com,https://clothing54.example.com,clothing,https://clothing54.example.com/contact,clothing brand 54,clothing,True,1
2211,Skincare Brand 55,info55@skincare55.example.com,https://skincare55.example.com,skincare,https://skincare55.example.com/contact,skincare brand 55,skincare,True,0
2212,Skincare Brand 56,info56@skincare56.example.com,https://skincare56.example.com,skincare,https://skincare56.example.com/contact,skincare brand 56,skincare,True,0
2213,Jewellery Brand 57,info57@jewellery57.example.com,https://jewellery57.example.com,jewellery,https://jewellery57.example.com/contact,jewellery brand 57,jewellery,True,0
2215,Jewellery Brand 59,info59@jewellery59.example.com,https://jewellery59.example.com,jewellery,https://jewellery59.example.com/contact,jewellery brand 59,jewellery,True,0
2216,Beauty Brand 60,info60@beauty60.example.com,https://beauty60.example.com,beauty,https://beauty60.example.com/contact,beauty brand 60,beauty,True,0
2217,Skincare Brand 61,info61@skincare61.example.com,https://skincare61.example.com,skincare,https://skincare61.example.com/contact,skincare brand 61,skincare,True,0
2218,Clothing Brnd 62,info62@clothing62.example.com,https://clothing62.example.com,clothing,,clothing brnd 62,clothing,True,1
2219,Shoes Brand 63,info63@shoes63.example.com,https://shoes63.example.com,shoes,,shoes brand 63,shoes,True,0
2220,Sportswear Brand 64,info64@sportswear64.example.com,https://sportswear64.example.com,sportswear,https://sportswear64.example.com/contact,sportswear brand 64,sportswear,True,1
2221,Skincr Brnd 65,info65@skincare65.example.com,https://skincare65.example.com,skincare,https://skincare65.example.com/contact,skincr brnd 65,skincare,True,0
2222,Sportswear Brand 66,,https://sportswear66.example.com,sportswear,https://sportswear66.example.com/contact,sportswear brand 66,sportswear,False,1
2224,Jewellery Brand 68,info68@jewellery68.example.com,https://jewellery68.example.com,jewellery,https://jewellery68.example.com/contact,jewellery brand 68,jewellery,True,0
2225,Skincare Brand 69,info69@skincare69.example.com,https://skincare69.example.com,skincare,https://skincare69.example.com/contact,skincare brand 69,skincare,True,0
2226,Beauty Brand 70,info70@beauty70.example.com,https://beauty70.example.com,beauty,,beauty brand 70,beauty,True,0
2227,Skincare Brand 71,invalidemail,https://skincare71.example.com,skincare,https://skincare71.example.com/contact,skincare brand 71,skincare,False,0
2228,Shoes Brand 72,info72@shoes72.example.com,https://shoes72.example.com,shoes,https://shoes72.example.com/contact,shoes brand 72,shoes,True,0
2229,Fashion Brand 73,invalidemail,https://fashion73.example.com,fashion,https://fashion73.example.com/contact,fashion brand 73,fashion,False,1
2232,Beauty Brand 76,info76@beauty76.example.com,https://beauty76.example.com,beauty,https://beauty76.example.com/contact,beauty brand 76,beauty,True,0
2233,Bags Brand 77,,https://bags77.example.com,bags,https://bags77.example.com/contact,bags brand 77,bags,False,0
2234,Sportswr Brnd 78,info78@sportswear78.example.com,https://sportswear78.example.com,electronics,https://sportswear78.example.com/contact,sportswr brnd 78,electronics,True,0
2235,Headwear Brand 79,info79@headwear79.example.com,https://headwear79.example.com,headwear,,headwear brand 79,headwear,True,1
2236,Bags Brand 80,info80@bags80.example.com,https://bags80.example.com,bags,https://bags80.example.com/contact,bags brand 80,bags,True,0
2237,Jewellery Brand 81,info81@jewellery81.example.com,https://jewellery81.example.com,pets,https://jewellery81.example.com/contact,jewellery brand 81,pets,True,0
2238,Fashion Brand 82,info82@fashion82.example.com,https://fashion82.example.com,fashion,https://fashion82.example.com/contact,fashion brand 82,fashion,True,1
2239,Jewellery Brand 83,info83@jewellery83.example.com,https://jewellery83.example.com,jewellery,https://jewellery83.example.com/contact,jewellery brand 83,jewellery,True,0
2240,Skincr Brnd 84,info84@skincare84.example.com,https://skincare84.example.com,fitness,https://skincare84.example.com/contact,skincr brnd 84,fitness,True,0
2241,Beauty Brand 85,info85@beauty85.example.com,https://beauty85.example.com,beauty,https://beauty85.example.com/contact,beauty brand 85,beauty,True,0
2242,Sportswear Brand 86,info86@sportswear86.example.com,https://sportswear86.example.com,sportswear,https://sportswear86.example.com/contact,sportswear brand 86,sportswear,True,1
2243,Bags Brand 87,info87@bags87.example.com,https://bags87.example.com,bags,https://bags87.example.com/contact,bags brand 87,bags,True,0
2244,Sportswear Brand 88,info88@sportswear88.example.com,https://sportswear88.example.com,sportswear,https://sportswear88.example.com/contact,sportswear brand 88,sportswear,True,1
2245,Shoes Brand 89,info89@shoes89.example.com,https://shoes89.example.com,shoes,https://shoes89.example.com/contact,shoes brand 89,shoes,True,0
2246,Shoes Brand 90,info90@shoes90.example.com,https://shoes90.example.com,food,,shoes brand 90,food,True,0
2247,Shoes Brand 91,info91@shoes91.example.com,https://shoes91.example.com,food,https://shoes91.example.com/contact,shoes brand 91,food,True,0
2248,Shoes Brand 92,info92@shoes92.example.com,https://shoes92.example.com,food,https://shoes92.example.com/contact,shoes brand 92,food,True,0
2249,Jewellery Brand 93,info93@jewellery93.example.com,https://jewellery93.example.com,jewellery,https://jewellery93.example.com/contact,jewellery brand 93,jewellery,True,0
2250,Jwllry Brnd 94,info94@jewellery94.example.com,https://jewellery94.example.com,food,https://jewellery94.example.com/contact,jwllry brnd 94,food,True,0
2251,Sportswear Brand 95,info95@sportswear95.example.com,https://sportswear95.example.com,sportswear,https://sportswear95.example.com/contact,sportswear brand 95,sportswear,True,1
2252,Jewellery Brand 96,,https://jewellery96.example.com,jewellery,https://jewellery96.example.com/contact,jewellery brand 96,jewellery,False,0
2253,Bags Brand 97,info97@bags97.example.com,https://bags97.example.com,bags,,bags brand 97,bags,True,0
2254,Buty Brnd 98,info98@beauty98.example.com,https://beauty98.example.com,beauty,https://beauty98.example.com/contact,buty brnd 98,beauty,True,0
2256,Bags Brand 100,user_at_mail.com,https://bags100.example.com,bags,https://bags100.example.com/contact,bags brand 100,bags,False,0
2257,Clothing Brand 101,info101@clothing101.example.com,https://clothing101.example.com,clothing,https://clothing101.example.com/contact,clothing brand 101,clothing,True,1
2258,Fashion Brand 102,info102@fashion102.example.com,https://fashion102.example.com,fashion,https://fashion102.example.com/contact,fashion brand 102,fashion,True,1
2259,Fashion Brand 103,info103@fashion103.example.com,https://fashion103.example.com,fashion,https://fashion103.example.com/contact,fashion brand 103,fashion,True,1
2260,Sportswear Brand 104,contact@,https://sportswear104.example.com,sportswear,https://sportswear104.example.com/contact,sportswear brand 104,sportswear,False,1
2262,Headwear Brand 106,info106@headwear106.example.com,https://headwear106.example.com,headwear,https://headwear106.example.com/contact,headwear brand 106,headwear,True,1
2263,Fashion Brand 107,info107@fashion107.example.com,https://fashion107.example.com,fashion,https://fashion107.example.com/contact,fashion brand 107,fashion,True,1
2264,Sportswr Brnd 108,info108@sportswear108.example.com,https://sportswear108.example.com,sportswear,https://sportswear108.example.com/contact,sportswr brnd 108,sportswear,True,1
2265,Shoes Brand 109,info109@shoes109.example.com,https://shoes109.example.com,shoes,https://shoes109.example.com/contact,shoes brand 109,shoes,True,0
2266,Bags Brand 110,info110@bags110.example.com,https://bags110.example.com,bags,https://bags110.example.com/contact,bags brand 110,bags,True,0
2267,Hdwr Brnd 111,info111@headwear111.example.com,https://headwear111.example.com,headwear,https://headwear111.example.com/contact,hdwr brnd 111,headwear,True,1
2268,Beauty Brand 112,info112@beauty112.example.com,https://beauty112.example.com,beauty,https://beauty112.example.com/contact,beauty brand 112,beauty,True,0
2269,Bgs Brnd 113,info113@bags113.example.com,https://bags113.example.com,electronics,https://bags113.example.com/contact,bgs brnd 113,electronics,True,0
2271,Skincare Brand 115,info115@skincare115.example.com,https://skincare115.example.com,skincare,https://skincare115.example.com/contact,skincare brand 115,skincare,True,0
2272,Jwllry Brnd 116,info116@jewellery116.example.com,https://jewellery116.example.com,jewellery,https://jewellery116.example.com/contact,jwllry brnd 116,jewellery,True,0
2273,Jewellery Brand 117,info117@jewellery117.example.com,https://jewellery117.example.com,jewellery,https://jewellery117.example.com/contact,jewellery brand 117,jewellery,True,0
2274,Bags Brand 118,info118@bags118.example.com,https://bags118.example.com,bags,https://bags118.example.com/contact,bags brand 118,bags,True,0
2275,Shoes Brand 119,info119@shoes119.example.com,https://shoes119.example.com,shoes,https://shoes119.example.com/contact,shoes brand 119,shoes,True,0
2276,Clothing Brand 120,info120@clothing120.example.com,https://clothing120.example.com,clothing,https://clothing120.example.com/contact,clothing brand 120,clothing,True,1
2277,Beauty Brand 121,info121@beauty121.example.com,https://beauty121.example.com,beauty,https://beauty121.example.com/contact,beauty brand 121,beauty,True,0
2278,Clothing Brand 122,info122@clothing122.example.com,https://clothing122.example.com,clothing,https://clothing122.example.com/contact,clothing brand 122,clothing,True,1
2279,Fashion Brand 123,info123@fashion123.example.com,https://fashion123.example.com,fashion,https://fashion123.example.com/contact,fashion brand 123,fashion,True,1
2280,Headwear Brand 124,info124@headwear124.example.com,https://headwear124.example.com,food,https://headwear124.example.com/contact,headwear brand 124,food,True,1
2281,Fashion Brand 125,info125@fashion125.example.com,https://fashion125.example.com,fashion,https://fashion125.example.com/contact,fashion brand 125,fashion,True,1
2282,Beauty Brand 126,info126@beauty126.example.com,https://beauty126.example.com,beauty,https://beauty126.example.com/contact,beauty brand 126,beauty,True,0
2283,Beauty Brand 127,,https://beauty127.example.com,beauty,https://beauty127.example.com/contact,beauty brand 127,beauty,False,0
2284,Shoes Brand 128,info128@shoes128.example.com,https://shoes128.example.com,shoes,https://shoes128.example.com/contact,shoes brand 128,shoes,True,0
2285,Fashion Brand 129,user_at_mail.com,https://fashion129.example.com,fashion,https://fashion129.example.com/contact,fashion brand 129,fashion,False,1
2286,Headwear Brand 130,info130@headwear130.example.com,https://headwear130.example.com,headwear,https://headwear130.example.com/contact,headwear brand 130,headwear,True,1
2287,Shoes Brand 131,info131@shoes131.example.com,https://shoes131.example.com,shoes,https://shoes131.example.com/contact,shoes brand 131,shoes,True,0
2288,Skincare Brand 132,info132@skincare132.example.com,https://skincare132.example.com,skincare,https://skincare132.example.com/contact,skincare brand 132,skincare,True,0
2289,Shoes Brand 133,info133@shoes133.example.com,https://shoes133.example.com,shoes,,shoes brand 133,shoes,True,0
2290,Headwear Brand 134,info134@headwear134.example.com,https://headwear134.example.com,headwear,https://headwear134.example.com/contact,headwear brand 134,headwear,True,1
2291,Headwear Brand 135,info135@headwear135.example.com,https://headwear135.example.com,headwear,https://headwear135.example.com/contact,headwear brand 135,headwear,True,1
2292,Beauty Brand 136,info136@beauty136.example.com,https://beauty136.example.com,beauty,,beauty brand 136,beauty,True,0
2293,Clothing Brand 137,info137@clothing137.example.com,https://clothing137.example.com,clothing,https://clothing137.example.com/contact,clothing brand 137,clothing,True,1
2294,Shos Brnd 138,info138@shoes138.example.com,https://shoes138.example.com,shoes,https://shoes138.example.com/contact,shos brnd 138,shoes,True,0
2295,Shoes Brand 139,info139@shoes139.example.com,https://shoes139.example.com,shoes,,shoes brand 139,shoes,True,0
2296,Shoes Brand 140,info140@shoes140.example.com,https://shoes140.example.com,shoes,https://shoes140.example.com/contact,shoes brand 140,shoes,True,0
2297,Shoes Brand 141,info141@shoes141.example.com,https://shoes141.example.com,electronics,https://shoes141.example.com/contact,shoes brand 141,electronics,True,0
2298,Skincare Brand 142,info142@skincare142.example.com,https://skincare142.example.com,skincare,https://skincare142.example.com/contact,skincare brand 142,skincare,True,0
2300,Headwear Brand 144,info144@headwear144.example.com,https://headwear144.example.com,headwear,https://headwear144.example.com/contact,headwear brand 144,headwear,True,1
2301,Beauty Brand 145,info145@beauty145.example.com,https://beauty145.example.com,beauty,,beauty brand 145,beauty,True,0
2302,Headwear Brand 146,info146@headwear146.example.com,https://headwear146.example.com,headwear,,headwear brand 146,headwear,True,1
2303,Clothing Brand 147,info147@clothing147.example.com,https://clothing147.example.com,clothing,https://clothing147.example.com/contact,clothing brand 147,clothing,True,1
2304,Fashion Brand 148,info148@fashion148.example.com,https://fashion148.example.com,fashion,https://fashion148.example.com/contact,fashion brand 148,fashion,True,1
2305,Beauty Brand 149,info149@beauty149.example.com,https://beauty149.example.com,fitness,https://beauty149.example.com/contact,beauty brand 149,fitness,True,0
2306,Bags Brand 150,info150@bags150.example.com,https://bags150.example.com,bags,https://bags150.example.com/contact,bags brand 150,bags,True,0
2307,Jewellery Brand 151,info151@jewellery151.example.com,https://jewellery151.example.com,jewellery,https://jewellery151.example.com/contact,jewellery brand 151,jewellery,True,0
2308,Skincare Brand 152,info152@skincare152.example.com,https://skincare152.example.com,skincare,https://skincare152.example.com/contact,skincare brand 152,skincare,True,0
2310,Fashion Brand 154,info154@fashion154.example.com,https://fashion154.example.com,fashion,https://fashion154.example.com/contact,fashion brand 154,fashion,True,1
2311,Headwear Brand 155,info155@headwear155.example.com,https://headwear155.example.com,headwear,https://headwear155.example.com/contact,headwear brand 155,headwear,True,1
2312,Jwllry Brnd 156,info156@jewellery156.example.com,https://jewellery156.example.com,jewellery,https://jewellery156.example.com/contact,jwllry brnd 156,jewellery,True,0
2314,Sportswear Brand 158,info158@sportswear158.example.com,https://sportswear158.example.com,pets,https://sportswear158.example.com/contact,sportswear brand 158,pets,True,1
2315,Fashion Brand 159,info159@fashion159.example.com,https://fashion159.example.com,fashion,https://fashion159.example.com/contact,fashion brand 159,fashion,True,1
2316,Beauty Brand 160,info160@beauty160.example.com,https://beauty160.example.com,beauty,https://beauty160.example.com/contact,beauty brand 160,beauty,True,0
2434,Sportswear Brand 278,info278@sportswear278.example.com,https://sportswear278.example.com,sportswear,https://sportswear278.example.com/contact,sportswear brand 278,sportswear,True,1
2435,Clothing Brand 279,info279@clothing279.example.com,https://clothing279.example.com,clothing,https://clothing279.example.com/contact,clothing brand 279,clothing,True,1
2436,Sportswear Brand 280,info280@sportswear280.example.com,https://sportswear280.example.com,sportswear,https://sportswear280.example.com/contact,sportswear brand 280,sportswear,True,1
2437,Skincare Brand 281,info281@skincare281.example.com,https://skincare281.example.com,skincare,https://skincare281.example.com/contact,skincare brand 281,skincare,True,0
2438,Shoes Brand 282,info282@shoes282.example.com,https://shoes282.example.com,shoes,https://shoes282.example.com/contact,shoes brand 282,shoes,True,0
2439,Shoes Brand 283,info283@shoes283.example.com,https://shoes283.example.com,shoes,https://shoes283.example.com/contact,shoes brand 283,shoes,True,0
2440,Fashion Brand 284,info284@fashion284.example.com,https://fashion284.example.com,fashion,https://fashion284.example.com/contact,fashion brand 284,fashion,True,1
2441,Shoes Brand 285,info285@shoes285.example.com,https://shoes285.example.com,shoes,https://shoes285.example.com/contact,shoes brand 285,shoes,True,0
2442,Headwear Brand 286,info286@headwear286.example.com,https://headwear286.example.com,headwear,,headwear brand 286,headwear,True,1
2443,Headwear Brand 287,info287@headwear287.example.com,https://headwear287.example.com,headwear,,headwear brand 287,headwear,True,1
2444,Hdwr Brnd 288,info288@headwear288.example.com,https://headwear288.example.com,headwear,,hdwr brnd 288,headwear,True,1
2445,Headwear Brand 289,info289@headwear289.example.com,https://headwear289.example.com,headwear,,headwear brand 289,headwear,True,1
2446,Headwear Brand 290,info290@headwear290.example.com,https://headwear290.example.com,headwear,https://headwear290.example.com/contact,headwear brand 290,headwear,True,1
2448,Sportswear Brand 292,info292@sportswear292.example.com,https://sportswear292.example.com,food,,sportswear brand 292,food,True,1
2449,Sportswear Brand 293,info293@sportswear293.example.com,https://sportswear293.example.com,sportswear,,sportswear brand 293,sportswear,True,1
2450,Fashion Brand 294,info294@fashion294.example.com,https://fashion294.example.com,food,https://fashion294.example.com/contact,fashion brand 294,food,True,1
2451,Bags Brand 295,info295@bags295.example.com,https://bags295.example.com,bags,https://bags295.example.com/contact,bags brand 295,bags,True,0
2452,Jewellery Brand 296,info296@jewellery296.example.com,https://jewellery296.example.com,jewellery,https://jewellery296.example.com/contact,jewellery brand 296,jewellery,True,0
2453,Sportswear Brand 297,info297@sportswear297.example.com,https://sportswear297.example.com,sportswear,,sportswear brand 297,sportswear,True,1
2454,Sportswear Brand 298,info298@sportswear298.example.com,https://sportswear298.example.com,sportswear,https://sportswear298.example.com/contact,sportswear brand 298,sportswear,True,1
2455,Jewellery Brand 299,info299@jewellery299.example.com,https://jewellery299.example.com,jewellery,https://jewellery299.example.com/contact,jewellery brand 299,jewellery,True,0
2456,Sportswear Brand 300,info300@sportswear300.example.com,https://sportswear300.example.com,food,https://sportswear300.example.com/contact,sportswear brand 300,food,True,1
2457,Fashion Brand 301,info301@fashion301.example.com,https://fashion301.example.com,fashion,https://fashion301.example.com/contact,fashion brand 301,fashion,True,1
2458,Bags Brand 302,info302@bags302.example.com,https://bags302.example.com,bags,https://bags302.example.com/contact,bags brand 302,bags,True,0
2459,Skincare Brand 303,info303@skincare303.example.com,https://skincare303.example.com,pets,,skincare brand 303,pets,True,0
2460,Skincare Brand 304,info304@skincare304.example.com,https://skincare304.example.com,skincare,,skincare brand 304,skincare,True,0
2461,Beauty Brand 305,info305@beauty305.example.com,https://beauty305.example.com,beauty,https://beauty305.example.com/contact,beauty brand 305,beauty,True,0
2462,Sportswr Brnd 306,info306@sportswear306.example.com,https://sportswear306.example.com,sportswear,https://sportswear306.example.com/contact,sportswr brnd 306,sportswear,True,1
2463,Beauty Brand 307,contact@,https://beauty307.example.com,beauty,https://beauty307.example.com/contact,beauty brand 307,beauty,False,0
2465,Headwear Brand 309,info309@headwear309.example.com,https://headwear309.example.com,headwear,https://headwear309.example.com/contact,headwear brand 309,headwear,True,1
2466,Headwear Brand 310,info310@headwear310.example.com,https://headwear310.example.com,headwear,,headwear brand 310,headwear,True,1
2467,Headwear Brand 311,info311@headwear311.example.com,https://headwear311.example.com,headwear,https://headwear311.example.com/contact,headwear brand 311,headwear,True,1
2470,Skincare Brand 314,info314@skincare314.example.com,https://skincare314.example.com,skincare,https://skincare314.example.com/contact,skincare brand 314,skincare,True,0
2471,Bags Brand 315,user_at_mail.com,https://bags315.example.com,food,,bags brand 315,food,False,0
2472,Fashion Brand 316,info316@fashion316.example.com,https://fashion316.example.com,electronics,,fashion brand 316,electronics,True,1
2473,Headwear Brand 317,info317@headwear317.example.com,https://headwear317.example.com,headwear,https://headwear317.example.com/contact,headwear brand 317,headwear,True,1
2474,Beauty Brand 318,info318@beauty318.example.com,https://beauty318.example.com,beauty,https://beauty318.example.com/contact,beauty brand 318,beauty,True,0
2475,Bags Brand 319,info319@bags319.example.com,https://bags319.example.com,bags,https://bags319.example.com/contact,bags brand 319,bags,True,0
2476,Skincare Brand 320,info320@skincare320.example.com,https://skincare320.example.com,skincare,https://skincare320.example.com/contact,skincare brand 320,skincare,True,0
2477,Clothing Brand 321,,https://clothing321.example.com,clothing,,clothing brand 321,clothing,False,1
2478,Beauty Brand 322,info322@beauty322.example.com,https://beauty322.example.com,beauty,https://beauty322.example.com/contact,beauty brand 322,beauty,True,0
2479,Jewellery Brand 323,info323@jewellery323.example.com,https://jewellery323.example.com,jewellery,https://jewellery323.example.com/contact,jewellery brand 323,jewellery,True,0
2480,Beauty Brand 324,info324@beauty324.example.com,https://beauty324.example.com,beauty,https://beauty324.example.com/contact,beauty brand 324,beauty,True,0
2481,Jewellery Brand 325,info325@jewellery325.example.com,https://jewellery325.example.com,jewellery,https://jewellery325.example.com/contact,jewellery brand 325,jewellery,True,0
2482,Fashion Brand 326,info326@fashion326.example.com,https://fashion326.example.com,fashion,https://fashion326.example.com/contact,fashion brand 326,fashion,True,1
2483,Bags Brand 327,info327@bags327.example.com,https://bags327.example.com,bags,https://bags327.example.com/contact,bags brand 327,bags,True,0
2484,Headwear Brand 328,info328@headwear328.example.com,https://headwear328.example.com,headwear,https://headwear328.example.com/contact,headwear brand 328,headwear,True,1
2485,Shoes Brand 329,info329@shoes329.example.com,https://shoes329.example.com,shoes,https://shoes329.example.com/contact,shoes brand 329,shoes,True,0
2486,Clothing Brand 330,info330@clothing330.example.com,https://clothing330.example.com,clothing,https://clothing330.example.com/contact,clothing brand 330,clothing,True,1
2487,Clothing Brand 331,info331@clothing331.example.com,https://clothing331.example.com,clothing,https://clothing331.example.com/contact,clothing brand 331,clothing,True,1
2488,Fashion Brand 332,info332@fashion332.example.com,https://fashion332.example.com,fashion,,fashion brand 332,fashion,True,1
2489,Fashion Brand 333,info333@fashion333.example.com,https://fashion333.example.com,fashion,https://fashion333.example.com/contact,fashion brand 333,fashion,True,1
2490,Bags Brand 334,info334@bags334.example.com,https://bags334.example.com,bags,https://bags334.example.com/contact,bags brand 334,bags,True,0
2491,Fashion Brand 335,info335@fashion335.example.com,https://fashion335.example.com,beauty,https://fashion335.example.com/contact,fashion brand 335,beauty,True,1
2492,Shoes Brand 336,contact@,https://shoes336.example.com,shoes,https://shoes336.example.com/contact,shoes brand 336,shoes,False,0
2493,Fshion Brnd 337,info337@fashion337.example.com,https://fashion337.example.com,fashion,,fshion brnd 337,fashion,True,1
2494,Headwear Brand 338,info338@headwear338.example.com,https://headwear338.example.com,headwear,https://headwear338.example.com/contact,headwear brand 338,headwear,True,1
2495,Beauty Brand 339,,https://beauty339.example.com,beauty,https://beauty339.example.com/contact,beauty brand 339,beauty,False,0
2496,Headwear Brand 340,info340@headwear340.example.com,https://headwear340.example.com,headwear,https://headwear340.example.com/contact,headwear brand 340,headwear,True,1
2497,Shoes Brand 341,info341@shoes341.example.com,https://shoes341.example.com,shoes,https://shoes341.example.com/contact,shoes brand 341,shoes,True,0
2498,Skincare Brand 342,info342@skincare342.example.com,https://skincare342.example.com,skincare,https://skincare342.example.com/contact,skincare brand 342,skincare,True,0
2499,Shoes Brand 343,info343@shoes343.example.com,https://shoes343.example.com,shoes,https://shoes343.example.com/contact,shoes brand 343,shoes,True,0
2500,Bags Brand 344,info344@bags344.example.com,https://bags344.example.com,bags,https://bags344.example.com/contact,bags brand 344,bags,True,0
2501,Skincr Brnd 345,info345@skincare345.example.com,https://skincare345.example.com,skincare,https://skincare345.example.com/contact,skincr brnd 345,skincare,True,0
2502,Headwear Brand 346,info346@headwear346.example.com,https://headwear346.example.com,headwear,https://headwear346.example.com/contact,headwear brand 346,headwear,True,1
2503,Sportswear Brand 347,info347@sportswear347.example.com,https://sportswear347.example.com,sportswear,https://sportswear347.example.com/contact,sportswear brand 347,sportswear,True,1
2505,Skincare Brand 349,,https://skincare349.example.com,skincare,https://skincare349.example.com/contact,skincare brand 349,skincare,False,0
2507,Sportswear Brand 351,info351@sportswear351.example.com,https://sportswear351.example.com,sportswear,https://sportswear351.example.com/contact,sportswear brand 351,sportswear,True,1
2509,Bags Brand 353,invalidemail,https://bags353.example.com,bags,,bags brand 353,bags,False,0
2510,Sportswear Brand 354,info354@sportswear354.example.com,https://sportswear354.example.com,sportswear,https://sportswear354.example.com/contact,sportswear brand 354,sportswear,True,1
2511,Headwear Brand 355,info355@headwear355.example.com,https://headwear355.example.com,headwear,https://headwear355.example.com/contact,headwear brand 355,headwear,True,1
2512,Buty Brnd 356,info356@beauty356.example.com,https://beauty356.example.com,beauty,https://beauty356.example.com/contact,buty brnd 356,beauty,True,0
2513,Skincr Brnd 357,info357@skincare357.example.com,https://skincare357.example.com,skincare,,skincr brnd 357,skincare,True,0
2514,Clothing Brand 358,invalidemail,https://clothing358.example.com,clothing,https://clothing358.example.com/contact,clothing brand 358,clothing,False,1
2515,Jewellery Brand 359,info359@jewellery359.example.com,https://jewellery359.example.com,jewellery,,jewellery brand 359,jewellery,True,0
2517,Hdwr Brnd 361,,https://headwear361.example.com,headwear,https://headwear361.example.com/contact,hdwr brnd 361,headwear,False,1
2519,Bags Brand 363,info363@bags363.example.com,https://bags363.example.com,bags,https://bags363.example.com/contact,bags brand 363,bags,True,0
2520,Fashion Brand 364,info364@fashion364.example.com,https://fashion364.example.com,fashion,,fashion brand 364,fashion,True,1
2522,Fashion Brand 366,info366@fashion366.example.com,https://fashion366.example.com,fashion,https://fashion366.example.com/contact,fashion brand 366,fashion,True,1
2524,Bags Brand 368,info368@bags368.example.com,https://bags368.example.com,bags,,bags brand 368,bags,True,0
2525,Jewellery Brand 369,info369@jewellery369.example.com,https://jewellery369.example.com,jewellery,https://jewellery369.example.com/contact,jewellery brand 369,jewellery,True,0
2526,Sportswear Brand 370,,https://sportswear370.example.com,sportswear,https://sportswear370.example.com/contact,sportswear brand 370,sportswear,False,1
2527,Clothing Brand 371,info371@clothing371.example.com,https://clothing371.example.com,clothing,,clothing brand 371,clothing,True,1
2528,Headwear Brand 372,info372@headwear372.example.com,https://headwear372.example.com,headwear,https://headwear372.example.com/contact,headwear brand 372,headwear,True,1
2529,Jewellery Brand 373,info373@jewellery373.example.com,https://jewellery373.example.com,jewellery,https://jewellery373.example.com/contact,jewellery brand 373,jewellery,True,0
2530,Headwear Brand 374,info374@headwear374.example.com,https://headwear374.example.com,headwear,https://headwear374.example.com/contact,headwear brand 374,headwear,True,1
2531,Shoes Brand 375,info375@shoes375.example.com,https://shoes375.example.com,shoes,https://shoes375.example.com/contact,shoes brand 375,shoes,True,0
2532,Shos Brnd 376,info376@shoes376.example.com,https://shoes376.example.com,shoes,https://shoes376.example.com/contact,shos brnd 376,shoes,True,0
2533,Beauty Brand 377,info377@beauty377.example.com,https://beauty377.example.com,beauty,https://beauty377.example.com/contact,beauty brand 377,beauty,True,0
2534,Buty Brnd 378,info378@beauty378.example.com,https://beauty378.example.com,beauty,https://beauty378.example.com/contact,buty brnd 378,beauty,True,0
2535,Jewellery Brand 379,info379@jewellery379.example.com,https://jewellery379.example.com,jewellery,https://jewellery379.example.com/contact,jewellery brand 379,jewellery,True,0
2536,Bags Brand 380,info380@bags380.example.com,https://bags380.example.com,bags,https://bags380.example.com/contact,bags brand 380,bags,True,0
2537,Skincare Brand 381,info381@skincare381.example.com,https://skincare381.example.com,skincare,https://skincare381.example.com/contact,skincare brand 381,skincare,True,0
2538,Shoes Brand 382,info382@shoes382.example.com,https://shoes382.example.com,shoes,,shoes brand 382,shoes,True,0
2539,Jewellery Brand 383,info383@jewellery383.example.com,https://jewellery383.example.com,jewellery,https://jewellery383.example.com/contact,jewellery brand 383,jewellery,True,0
2540,Shos Brnd 384,info384@shoes384.example.com,https://shoes384.example.com,shoes,https://shoes384.example.com/contact,shos brnd 384,shoes,True,0
2541,Beauty Brand 385,info385@beauty385.example.com,https://beauty385.example.com,beauty,https://beauty385.example.com/contact,beauty brand 385,beauty,True,0
2542,Clothing Brand 386,info386@clothing386.example.com,https://clothing386.example.com,electronics,https://clothing386.example.com/contact,clothing brand 386,electronics,True,1
2543,Jewellery Brand 387,info387@jewellery387.example.com,https://jewellery387.example.com,jewellery,https://jewellery387.example.com/contact,jewellery brand 387,jewellery,True,0
2544,Jewellery Brand 388,info388@jewellery388.example.com,https://jewellery388.example.com,jewellery,https://jewellery388.example.com/contact,jewellery brand 388,jewellery,True,0
2545,Headwear Brand 389,info389@headwear389.example.com,https://headwear389.example.com,headwear,https://headwear389.example.com/contact,headwear brand 389,headwear,True,1
2546,Fashion Brand 390,info390@fashion390.example.com,https://fashion390.example.com,fashion,https://fashion390.example.com/contact,fashion brand 390,fashion,True,1
2547,Bags Brand 391,info391@bags391.example.com,https://bags391.example.com,bags,https://bags391.example.com/contact,bags brand 391,bags,True,0
2548,Bgs Brnd 392,info392@bags392.example.com,https://bags392.example.com,bags,https://bags392.example.com/contact,bgs brnd 392,bags,True,0
2549,Jewellery Brand 393,info393@jewellery393.example.com,https://jewellery393.example.com,jewellery,https://jewellery393.example.com/contact,jewellery brand 393,jewellery,True,0
2550,Clothing Brand 394,info394@clothing394.example.com,https://clothing394.example.com,clothing,https://clothing394.example.com/contact,clothing brand 394,clothing,True,1
2551,Fashion Brand 395,info395@fashion395.example.com,https://fashion395.example.com,fashion,,fashion brand 395,fashion,True,1
2552,Sportswear Brand 396,info396@sportswear396.example.com,https://sportswear396.example.com,sportswear,,sportswear brand 396,sportswear,True,1
