buyer_id,brand_name,email,website,niche,contact_page,is_relevant,valid_email,contact_available,website_available,brand_length,website_length,niche_encoded,lead_score,lead_category,prediction
1,There,"support@rovanahome.com, your@email.com",https://hg-market-3.myshopify.com/,headwear,https://hg-market-3.myshopify.com/pages/contact,1,1,1,1,5,34,4,100.0,High,1
2,BlueAnon28,nan,https://blueanon28.myshopify.com/,headwear,https://blueanon28.myshopify.com/pages/contact,1,0,1,1,10,33,4,100.0,High,1
3,Hatville USA,nan,https://hatville-usa.myshopify.com/,headwear,https://hatville-usa.myshopify.com/pages/contact-us,1,0,1,1,12,35,4,100.0,High,1
4,Shopify Pakistan,nan,https://www.shopify.com/,headwear,https://www.shopify.com/pk/contact,1,0,1,1,16,24,4,98.5,High,1
5,Red Clay Boys Co,nan,https://red-clay-boys-co.myshopify.com/,headwear,https://red-clay-boys-co.myshopify.com/pages/contact,1,0,1,1,16,39,4,100.0,High,1
6,USA Surfing Merchandise,nan,https://af968d-e4.myshopify.com/,headwear,https://af968d-e4.myshopify.com/pages/contact,1,0,1,1,23,32,4,100.0,High,1
7,School of the Art Institute of Chicago Store,nan,https://saicstore.myshopify.com/,headwear,https://saicstore.myshopify.com/pages/contact,1,0,1,1,44,32,4,100.0,High,1
8,DlSoorts,Nomattzzs@gmail.com,https://dlsoorts.myshopify.com/,headwear,https://dlsoorts.myshopify.com/pages/contact,1,1,1,1,8,31,4,100.0,High,1
9,GrindZoneFitness.com,slick-carousel@1.8.1,https://grindzone-fitness.myshopify.com/,headwear,https://grindzone-fitness.myshopify.com/pages/contact,1,1,1,1,20,40,4,99.5,High,1
10,Authentic Branded Bills Custom Hats & Apparel Online,nan,https://www.brandedbills.com/,headwear,https://www.brandedbills.com/pages/contact-us,1,0,1,1,52,29,4,100.0,High,1
11,Virginia Snapbacks,virginiasnapbacks@gmail.com,https://virginia-snapbacks.myshopify.com/,headwear,https://virginia-snapbacks.myshopify.com/pages/contact,1,1,1,1,18,41,4,100.0,High,1
12,Snapback Sports Store,nan,https://snapbacksportsstore.com/,headwear,https://snapbacksportsstore.com/pages/contact,1,0,1,1,21,32,4,100.0,High,1
13,The Earnest One,nan,https://theearnestone.myshopify.com/,headwear,https://theearnestone.myshopify.com/pages/contact,1,0,1,1,15,36,4,100.0,High,1
14,The Veteran Status,nan,https://veteranstatususa.myshopify.com/,headwear,https://veteranstatususa.myshopify.com/pages/contact,1,0,1,1,18,39,4,100.0,High,1
15,Shopify Supply,nan,https://shopify.supply/,headwear,https://shopify.supply/pages/contact,1,0,1,1,14,23,4,97.0,High,1
16,Samidigi,nan,https://samidigi.myshopify.com/,headwear,https://samidigi.myshopify.com/pages/contact,1,0,1,1,8,31,4,100.0,High,1
17,State & Local,nan,https://state-local.myshopify.com/,headwear,https://state-local.myshopify.com/pages/contact,1,0,1,1,13,34,4,100.0,High,1
18,RolledUpBeanies,nan,https://rolledupbeanies.myshopify.com/,headwear,https://rolledupbeanies.myshopify.com/pages/contact,1,0,1,1,15,38,4,100.0,High,1
19,Custom Beanies & Winter Hats,cr@tbfus.com,https://tbfus.com/,headwear,https://tbfus.com/pages/contact,1,1,1,1,28,18,4,98.0,High,1
20,My Store,"tajarmstrong2013@gmail.com, iamtheproducerx@gmail.com",https://fapevb-yp.myshopify.com/,headwear,https://fapevb-yp.myshopify.com/pages/contact,1,1,1,1,8,32,4,100.0,High,1
21,BIG BOYZ OUTDOORS,nan,https://bigboyzoutdoors24.myshopify.com/,headwear,https://bigboyzoutdoors24.myshopify.com/pages/contact,1,0,1,1,17,40,4,100.0,High,1
22,Standard USA,nan,https://standardusa.myshopify.com/,headwear,https://standardusa.myshopify.com/pages/contact,1,0,1,1,12,34,4,100.0,High,1
23,Customily Product Personalizer,hello@customily.com,https://customily.myshopify.com/,headwear,https://www.customily.com/request-demo,1,1,1,1,30,32,4,98.0,High,1
24,Dad Brand Apparel,support@dadbrand.com,https://dadbrand.myshopify.com/,headwear,https://dadbrand.myshopify.com/pages/contact-us,1,1,1,1,17,31,4,100.0,High,1
25,The Hat Store USA,nan,https://www.thehatstoreusa.com/,headwear,https://www.thehatstoreusa.com/pages/contact,1,0,1,1,17,31,4,100.0,High,1
26,Trucker Party Hats — Trucker Party Hats,your@email.com,https://6aec07-43.myshopify.com/,headwear,https://truckerpartyhats.com/pages/contact,1,1,1,1,39,32,4,98.0,High,1
28,Grace Anne Boutique,nan,https://grace-anne-boutique-3.myshopify.com/,headwear,https://grace-anne-boutique-3.myshopify.com/pages/contact,1,0,1,1,19,44,4,100.0,High,1
29,Endurance fitness,slick-carousel@1.8.1,https://endurancefitnesspros.myshopify.com/,headwear,https://endurancefitnesspros.myshopify.com/pages/contact,1,1,1,1,17,43,4,100.0,High,1
30,The Forty JV,nan,https://the-forty-jv.myshopify.com/,headwear,https://the-forty-jv.myshopify.com/pages/contact,1,0,1,1,12,35,4,100.0,High,1
31,There,nan,https://usa-gym-store.myshopify.com/,headwear,https://usa-gym-store.myshopify.com/password/pages/contact,1,0,1,1,5,36,4,100.0,High,1
32,"Curves Products You'll Love, from a Brand You Trust",nan,https://shopcurves.myshopify.com/,headwear,https://shopcurves.myshopify.com/pages/contact,1,0,1,1,51,33,4,99.0,High,1
33,Gym Needs,hello@domain.com,https://gym-needs.myshopify.com/,headwear,https://gym-needs.myshopify.com/pages/contact-us,1,1,1,1,9,32,4,100.0,High,1
34,Elite gym solutions,nan,https://yoursonly-store.myshopify.com/,headwear,https://yoursonly-store.myshopify.com/pages/contact,1,0,1,1,19,38,4,100.0,High,1
35,CAP USA NYC,nan,https://capusa.nyc/,headwear,https://capusa.nyc/pages/contact-us,1,0,1,1,11,19,4,99.0,High,1
36,SNAG,"you@email.com, info@stagheaddesigns.com, camron@snagcollective.com, scott@snagcollective.com",https://www.snagcollective.com/,headwear,https://www.snagcollective.com/pages/contact-snag,1,1,1,1,4,31,4,100.0,High,1
37,USA Curling Shop,mikenzie.oneill@usacurling.org,https://usacurling.myshopify.com/,headwear,https://usacurling.myshopify.com/pages/contact,1,1,1,1,16,33,4,100.0,High,1
38,Hatters of America,nan,https://hatters-of-america.myshopify.com/,headwear,https://hatters-of-america.myshopify.com/pages/contact,1,0,1,1,18,41,4,100.0,High,1
39,New Era Fitted & Snapback Caps,nan,https://primehatstore.com/,headwear,https://primehatstore.com/pages/contact,1,0,1,1,30,26,4,98.5,High,1
40,Gymbro sports,slick-carousel@1.8.1,https://yourgymbroo.myshopify.com/,headwear,https://yourgymbroo.myshopify.com/pages/contact,1,1,1,1,13,34,4,100.0,High,1
41,newcapsshop,,https://newcapsshop.myshopify.com/,headwear,https://newcapsshop.myshopify.com/pages/contact,1,0,1,1,11,34,4,100.0,High,1
42,Fine Caps Miami,,https://fine-caps-cap-1.myshopify.com/,headwear,https://fine-caps-cap-1.myshopify.com/pages/contact,1,0,1,1,15,38,4,100.0,High,1
45,WSTRNUK,,https://wstrn-uk.myshopify.com/,headwear,https://wstrn-uk.myshopify.com/pages/contact,1,0,1,1,7,31,4,100.0,High,1
46,dasmarca,,https://dasmarca-hats.myshopify.com/,headwear,https://dasmarca-hats.myshopify.com/pages/contact,1,0,1,1,8,36,4,100.0,High,1
47,Debonaire.ldn,,https://debonairelondon.myshopify.com/,headwear,https://debonairelondon.myshopify.com/policies/contact-information,1,0,1,1,13,38,4,100.0,High,1
48,BrandLift Product Personalizer — Design & Sell Custom Products on Shopify,support@brandlift.app,https://www.livedesigner.ai/,headwear,https://www.livedesigner.ai/pages/contact,1,1,1,1,73,28,4,99.0,High,1
49,Celise Official,info@celiseofficial.co.uk,https://celiselondonstore.myshopify.com/,headwear,https://celiselondon.store/pages/contact,1,1,1,1,15,40,4,100.0,High,1
50,Solari Beauty UK,,https://solaribeauty.myshopify.com/,headwear,https://solaribeauty.myshopify.com/pages/contact,1,0,1,1,16,35,4,100.0,High,1
52,LucentisLtd,,https://lucentisbeauty.myshopify.com/,headwear,https://lucentisbeauty.myshopify.com/pages/contact,1,0,1,1,11,37,4,100.0,High,1
57,WhatsTheTime,,https://movemore-uk.myshopify.com/,headwear,https://movemore-uk.myshopify.com/pages/contact-us,1,0,1,1,12,34,4,100.0,High,1
58,DUCETT,info@ducett.com,https://ducett.myshopify.com/,headwear,https://ducett.com/pages/contact-us,1,1,1,1,6,29,4,94.0,High,1
60,Premium Skincare & Beauty Gadgets Online,,https://purepulse69.myshopify.com/,headwear,https://purepulse69.myshopify.com/pages/contact,1,0,1,1,40,34,4,100.0,High,1
61,Pocket Friendly Ltd UK,,https://g9cs9d-67.myshopify.com/,headwear,https://g9cs9d-67.myshopify.com/pages/contact-us,1,0,1,1,22,32,4,100.0,High,1
62,Veritime Watches UK,,https://6b91a3-f7.myshopify.com/,headwear,https://6b91a3-f7.myshopify.com/pages/contact,1,0,1,1,19,32,4,98.5,High,1
63,"4T2, gone running.",,https://4t2-gone-running.myshopify.com/,headwear,https://4t2.run/pages/contact,1,0,1,1,18,39,4,100.0,High,1
64,Dr Beauty Cosmetic,hello@dermopura.com,https://dr-beauty-cosmetic.myshopify.com/,headwear,https://dr-beauty-cosmetic.myshopify.com/pages/contact,1,1,1,1,18,41,4,100.0,High,1
65,Starlinke.uk,harry20170801@gmail.com,https://starlinke-uk.myshopify.com/,headwear,https://starlinke-uk.myshopify.com/pages/contact,1,1,1,1,12,35,4,98.5,High,1
66,Lumé Beauty,,https://llbeauty-5523.myshopify.com/,headwear,https://llbeauty-5523.myshopify.com/pages/contact,1,0,1,1,11,36,4,100.0,High,1
67,Watchlyx,info@watchlyx.com,https://watchlyx.com/,headwear,https://watchlyx.com/contact-us/,1,1,1,1,8,21,4,94.5,High,1
68,Time Traveller,,https://time-traveller-362.myshopify.com/,headwear,https://time-traveller-362.myshopify.com/pages/contact,1,0,1,1,14,41,4,100.0,High,1
69,REP WORLD UK,,https://repworldwatches.myshopify.com/,headwear,https://repworldwatches.myshopify.com/pages/contact,1,0,1,1,12,38,4,100.0,High,1
70,timetraveler.co.uk,,https://timetraveler-co-uk.myshopify.com/,headwear,https://timetraveler-co-uk.myshopify.com/pages/contact,1,0,1,1,18,41,4,100.0,High,1
71,Breitling Watches,,https://www.swisswatchstore.co.uk/,headwear,https://www.swisswatchstore.co.uk/pages/contact,1,0,1,1,17,34,4,100.0,High,1
72,SoleGentry,,https://solegentry.myshopify.com/,headwear,https://solegentry.myshopify.com/pages/contact,1,0,1,1,10,33,4,100.0,High,1
73,APEX Watch Mods,,https://apex-watchmods.myshopify.com/,headwear,https://apex-watchmods.myshopify.com/pages/contact,1,0,1,1,15,37,4,100.0,High,1
27,The Loop Lab,nan,https://the-loop-lab-2.myshopify.com/,headwear,https://the-loop-lab-2.myshopify.com/pages/contact,1,0,1,1,12,37,4,100.0,High,1
81,EXEDY.fe,,https://exedy-fe.myshopify.com/,headwear,https://exedy-fe.myshopify.com/pages/contact,1,0,1,1,8,31,4,100.0,High,1
82,Pure Natura,,https://15x1tq-g1.myshopify.com/,headwear,https://15x1tq-g1.myshopify.com/pages/contact,1,0,1,1,11,32,4,100.0,High,1
83,BINHTRONG,OngKeChauNghe5@gmail.com,https://binhtrong.myshopify.com/,headwear,https://binhtrong.myshopify.com/pages/contact-us,1,1,1,1,9,32,4,100.0,High,1
84,FitnessTasks,,https://apexfitnessesentials.myshopify.com/,headwear,https://apexfitnessesentials.myshopify.com/pages/contact,1,0,1,1,12,43,4,100.0,High,1
85,Axletic sport personal care,contact@axletic.de,https://axletic-de.myshopify.com/,headwear,https://axletic-de.myshopify.com/pages/contact,1,1,1,1,27,33,4,97.5,High,1
86,GERNATION,,https://p614qb-hs.myshopify.com/,headwear,https://gernation.shop/pages/contact,1,0,1,1,9,32,4,100.0,High,1
87,Stand Up Paddling,info@grandtoursports.com,https://yfi4xv-z9.myshopify.com/,headwear,https://grandtoursports.com/pages/contact,1,1,1,1,17,32,4,100.0,High,1
88,God Almighty's Commandos merchandise store,,https://god-almightys-commandos.myshopify.com/,headwear,https://god-almightys-commandos.myshopify.com/pages/contact,1,0,1,1,42,46,4,100.0,High,1
89,Cape Madness,,https://capemadness.myshopify.com/,headwear,https://capemadness.myshopify.com/pages/contact,1,0,1,1,12,34,4,100.0,High,1
90,FoltynFamily,,https://foltynfamily.myshopify.com/,headwear,https://foltynfamily.myshopify.com/pages/contact,1,0,1,1,12,35,4,100.0,High,1
91,ACE,"ace@ace-100.uk, ecom-swiper@11.css, ecom-swiper@11.0.5.js",https://ace-100.myshopify.com/,headwear,https://aceapparel.co.uk/pages/contact,1,1,1,1,3,30,4,99.5,High,1
101,"Handmade Italian Hats, Newsboy Hats & Flat Caps",cappellofashioncompany@gmail.com,https://cappellofashion.com/,headwear,https://cappellofashion.com/pages/contact,1,1,1,1,47,28,4,99.0,High,1
102,Italian Escape: Euro Summer Graphic Tees,"info@marequi.com, hello@marequi.com",https://mare-qui-club.myshopify.com/,headwear,https://mare-qui-club.myshopify.com/pages/contact,1,1,1,1,40,36,4,99.5,High,1
103,ANTEI — Limited Production Streetwear,anteiclothing@gmail.com,https://uf3egp-6p.myshopify.com/,headwear,https://anteiclothing.com/pages/contact,1,1,1,1,37,32,4,98.0,High,1
104,Laguna Custom Rods,randy@lagunarods.com,https://laguna-custom-rods.myshopify.com/,headwear,https://laguna-custom-rods.myshopify.com/pages/contact-us,1,1,1,1,18,41,4,100.0,High,1
105,Italy,,https://italy.myshopify.com/,headwear,https://italy.myshopify.com/pages/contact,1,0,1,1,5,28,4,98.5,High,1
106,Os1r1s Rome Supplys,,https://os1r1s-rome-supplys.myshopify.com/,headwear,https://os1r1s-rome-supplys.myshopify.com/pages/contact,1,0,1,1,19,42,4,100.0,High,1
201,AllGoods Emporium,,https://bsj2bb-eb.myshopify.com/,headwear,https://bsj2bb-eb.myshopify.com/pages/contact,1,0,1,1,17,32,4,100.0,High,1
202,maritzamarie.myshopify.com,info@maritzamarie.com,https://maritzamarie.myshopify.com/,headwear,https://maritzamarie.myshopify.com/policies/contact-information,1,1,1,1,26,35,4,99.5,High,1
203,UK Adult Sex Toys,your@email.com,https://nice-n-naughty-uk.myshopify.com/,headwear,https://nice-n-naughty-uk.myshopify.com/pages/contact,1,1,1,1,17,40,4,100.0,High,1
204,SHOOT RUNNING,,https://shootrunning-2.myshopify.com/,headwear,https://shootrunning-2.myshopify.com/pages/contact,1,0,1,1,13,37,4,100.0,High,1
205,HelgyCosmetics,,https://helgy-cosmetics.myshopify.com/,headwear,https://helgy-cosmetics.myshopify.com/pages/contact,1,0,1,1,14,38,4,100.0,High,1
206,VARDI FITNESS WEAR,,https://9b5e85-3.myshopify.com/,headwear,https://9b5e85-3.myshopify.com/pages/contact,1,0,1,1,18,31,4,100.0,High,1
207,SOLDbyYSE,,https://soldbyyse.myshopify.com/,headwear,https://soldbyyse.myshopify.com/pages/contact,1,0,1,1,9,32,4,100.0,High,1
208,Garniertaylor.com,,https://garniertaylor.myshopify.com/,headwear,https://garniertaylor.myshopify.com/pages/contact,1,0,1,1,17,36,4,100.0,High,1
209,Alezstore,,https://astrastore-store.myshopify.com/,headwear,https://astrastore-store.myshopify.com/pages/contact,1,0,1,1,9,39,4,100.0,High,1
210,Animah's services,,https://45b6an-8t.myshopify.com/,headwear,https://45b6an-8t.myshopify.com/pages/contact,1,0,1,1,17,32,4,100.0,High,1
211,Lions Clubs International,orderdetails@lionsclubs.org,https://lionsclubsinternational.myshopify.com/,headwear,https://lionsclubsinternational.myshopify.com/pages/contact-us,1,1,1,1,25,46,4,100.0,High,1
212,Tickers international,,https://tickerinternational.myshopify.com/,headwear,https://tickerinternational.myshopify.com/pages/contact,1,0,1,1,21,42,4,100.0,High,1
215,My Store,,https://shopfreeatl.myshopify.com/,headwear,https://shopfreeatl.myshopify.com/pages/contact,1,0,1,1,8,34,4,100.0,High,1
216,Pretty Lux Collection,,https://w35sud-im.myshopify.com/,headwear,https://w35sud-im.myshopify.com/pages/contact,1,0,1,1,21,32,4,100.0,High,1
217,"Wholesale Cosmetics, Makeup, Skincare, Haircare",cosmetixclub@gmail.com,https://cosmetix-club.myshopify.com/,headwear,,1,1,0,1,47,36,4,99.5,High,1
218,Peaches Boutique uk,,https://peachesboutiqueuk.myshopify.com/,headwear,https://peachesboutiqueuk.myshopify.com/pages/contact,1,0,1,1,19,40,4,100.0,High,1
219,Hero Degree,herodegree2@gmail.com,https://ebarrz-ai.myshopify.com/,headwear,https://ebarrz-ai.myshopify.com/pages/contact,1,1,1,1,11,32,4,100.0,High,1
220,Tilley UK,,https://tilley-uk.myshopify.com/,headwear,https://tilley-uk.myshopify.com/pages/contact,1,0,1,1,9,32,4,100.0,High,1
221,VictoriaModeStudio,victoriamodestudio@gmail.com,https://victoriamodestudio-2.myshopify.com/,headwear,https://victoriamodestudio-2.myshopify.com/pages/contact,1,1,1,1,18,43,4,100.0,High,1
222,Shop Bentley,peerjs@1.5.4,https://bentleycoltd.myshopify.com/,headwear,https://bentleycoltd.myshopify.com/pages/contact-us,1,1,1,1,12,35,4,98.5,High,1
223,AfriGlow Shop,sowdieumbe21@gmail.com,https://afriglowshop.myshopify.com/,headwear,https://afriglowshop.myshopify.com/pages/contact,1,1,1,1,13,35,4,100.0,High,1
225,The Willow House Co.,thewillowhouseco@gmail.com,https://the-willow-house-co.myshopify.com/,headwear,https://the-willow-house-co.myshopify.com/pages/contact,1,1,1,1,20,42,4,99.5,High,1
226,SoleMateZA,,https://solemateza-1081.myshopify.com/,headwear,https://solemateza-1081.myshopify.com/pages/contact,1,0,1,1,10,38,4,100.0,High,1
227,KMK Gears Store,"Info@kmkgears.com, Black_KMK_Logo_125x@2x.webp, Black_KMK_Logo_175x@2x.webp, Black_KMK_Logo_210x210@2x.webp, bootstrap@5.3.3, info@kmkgears.com",https://jze6y9-uf.myshopify.com/,headwear,https://jze6y9-uf.myshopify.com/pages/contact,1,1,1,1,15,32,4,100.0,High,1
228,Murphy's Beauty Co.,,https://murphys-products-3.myshopify.com/,headwear,https://murphys-products-3.myshopify.com/pages/contact,1,0,1,1,19,41,4,100.0,High,1
229,AVON UK,,https://uk-avon.myshopify.com/,headwear,https://avonukcustomer.zendesk.com/hc/,1,0,1,1,7,30,4,100.0,High,1
230,NEXTGEN UK,,https://nextgen-10032.myshopify.com/,headwear,https://nextgen-10032.myshopify.com/pages/contact,1,0,1,1,10,36,4,100.0,High,1
231,My Store 2,,https://xzsvg5-qh.myshopify.com/,headwear,https://xzsvg5-qh.myshopify.com/pages/contact,1,0,1,1,10,32,4,100.0,High,1
232,Switch It Headwear,,https://switchitheadwear.myshopify.com/,headwear,https://switchitheadwear.myshopify.com/pages/contact,1,0,1,1,18,39,4,100.0,High,1
233,MDG Luxury Kingdom Stores,,https://maftawadigitalglobal.myshopify.com/,headwear,https://maftawadigitalglobal.myshopify.com/pages/contact,1,0,1,1,25,43,4,100.0,High,1
234,Moseaic,,https://moseaic.myshopify.com/,headwear,https://moseaic.myshopify.com/pages/contact,1,0,1,1,7,30,4,100.0,High,1
235,SAWAH,sawahofficial33@gmail.com,https://sawahofficial.myshopify.com/,headwear,https://sawahofficial.myshopify.com/en/pages/faq-sawah,1,1,1,1,5,36,4,100.0,High,1
236,Eden Legacy Cosmetics,,https://eden-legacy-cosmetics.myshopify.com/,headwear,https://eden-legacy-cosmetics.myshopify.com/pages/contact,1,0,1,1,21,44,4,100.0,High,1
261,Fashion Brand 1,info1@fashion1.example.com,https://fashion1.example.com,fashion,https://fashion1.example.com/contact,1,1,1,1,15,28,3,95.5,High,1
262,Sportswear Brand 2,info2@sportswear2.example.com,https://sportswear2.example.com,sportswear,https://sportswear2.example.com/contact,0,1,1,1,18,31,8,0.0,Low,0
263,Sportswear Brand 3,info3@sportswear3.example.com,https://sportswear3.example.com,sportswear,https://sportswear3.example.com/contact,0,1,1,1,18,31,8,0.0,Low,0
264,Clothing Brand 4,info4@clothing4.example.com,https://clothing4.example.com,clothing,https://clothing4.example.com/contact,1,1,1,1,16,29,2,89.0,High,1
265,Fashion Brand 5,info5@fashion5.example.com,https://fashion5.example.com,fashion,https://fashion5.example.com/contact,1,1,1,1,15,28,3,95.5,High,1
266,Sportswear Brand 6,info6@sportswear6.example.com,https://sportswear6.example.com,sportswear,https://sportswear6.example.com/contact,0,1,1,1,18,31,8,0.0,Low,0
267,Clothing Brand 7,info7@clothing7.example.com,https://clothing7.example.com,clothing,https://clothing7.example.com/contact,1,1,1,1,16,29,2,89.0,High,1
268,Skincare Brand 8,info8@skincare8.example.com,https://skincare8.example.com,skincare,https://skincare8.example.com/contact,0,1,1,1,16,29,7,13.0,Low,0
269,Bags Brand 9,info9@bags9.example.com,https://bags9.example.com,bags,https://bags9.example.com/contact,0,1,1,1,12,25,0,4.0,Low,0
270,Clothing Brand 10,info10@clothing10.example.com,https://clothing10.example.com,clothing,https://clothing10.example.com/contact,1,1,1,1,17,30,2,100.0,High,1
271,Clothing Brand 11,info11@clothing11.example.com,https://clothing11.example.com,clothing,https://clothing11.example.com/contact,1,1,1,1,17,30,2,100.0,High,1
272,Beauty Brand 12,info12@beauty12.example.com,https://beauty12.example.com,beauty,https://beauty12.example.com/contact,0,1,1,1,15,28,1,0.0,Low,0
273,Sportswear Brand 13,info13@sportswear13.example.com,https://sportswear13.example.com,sportswear,https://sportswear13.example.com/contact,0,1,1,1,19,32,8,0.0,Low,0
274,Jewellery Brand 14,info14@jewellery14.example.com,https://jewellery14.example.com,jewellery,https://jewellery14.example.com/contact,0,1,1,1,18,31,5,0.0,Low,0
275,Sportswear Brand 15,info15@sportswear15.example.com,https://sportswear15.example.com,sportswear,https://sportswear15.example.com/contact,0,1,1,1,19,32,8,0.0,Low,0
276,Bags Brand 16,info16@bags16.example.com,https://bags16.example.com,bags,https://bags16.example.com/contact,0,1,1,1,13,26,0,0.0,Low,0
277,Fashion Brand 17,info17@fashion17.example.com,https://fashion17.example.com,fashion,https://fashion17.example.com/contact,1,1,1,1,16,29,3,100.0,High,1
278,Sportswear Brand 18,info18@sportswear18.example.com,https://sportswear18.example.com,sportswear,https://sportswear18.example.com/contact,0,1,1,1,19,32,8,0.0,Low,0
279,Shoes Brand 19,info19@shoes19.example.com,https://shoes19.example.com,shoes,https://shoes19.example.com/contact,0,1,1,1,14,27,6,0.0,Low,0
280,Fashion Brand 20,info20@fashion20.example.com,https://fashion20.example.com,fashion,https://fashion20.example.com/contact,1,1,1,1,16,29,3,100.0,High,1
281,Headwear Brand 21,info21@headwear21.example.com,https://headwear21.example.com,headwear,https://headwear21.example.com/contact,1,1,1,1,17,30,4,100.0,High,1
282,Headwear Brand 22,info22@headwear22.example.com,https://headwear22.example.com,headwear,https://headwear22.example.com/contact,1,1,1,1,17,30,4,100.0,High,1
283,Sportswear Brand 23,info23@sportswear23.example.com,https://sportswear23.example.com,sportswear,https://sportswear23.example.com/contact,0,1,1,1,19,32,8,0.0,Low,0
284,Fashion Brand 24,info24@fashion24.example.com,https://fashion24.example.com,fashion,https://fashion24.example.com/contact,1,1,1,1,16,29,3,100.0,High,1
285,Bags Brand 25,info25@bags25.example.com,https://bags25.example.com,bags,https://bags25.example.com/contact,0,1,1,1,13,26,0,0.0,Low,0
286,Bags Brand 26,info26@bags26.example.com,https://bags26.example.com,bags,https://bags26.example.com/contact,0,1,1,1,13,26,0,0.0,Low,0
287,Skincare Brand 27,info27@skincare27.example.com,https://skincare27.example.com,skincare,https://skincare27.example.com/contact,0,1,1,1,17,30,7,0.0,Low,0
288,Clothing Brand 28,info28@clothing28.example.com,https://clothing28.example.com,clothing,https://clothing28.example.com/contact,1,1,1,1,17,30,2,100.0,High,1
289,Bags Brand 29,info29@bags29.example.com,https://bags29.example.com,bags,https://bags29.example.com/contact,0,1,1,1,13,26,0,0.0,Low,0
290,Sportswear Brand 30,info30@sportswear30.example.com,https://sportswear30.example.com,sportswear,https://sportswear30.example.com/contact,0,1,1,1,19,32,8,0.0,Low,0
291,Beauty Brand 31,info31@beauty31.example.com,https://beauty31.example.com,beauty,https://beauty31.example.com/contact,0,1,1,1,15,28,1,0.0,Low,0
292,Bags Brand 32,info32@bags32.example.com,https://bags32.example.com,bags,https://bags32.example.com/contact,0,1,1,1,13,26,0,0.0,Low,0
293,Skincare Brand 33,info33@skincare33.example.com,https://skincare33.example.com,skincare,https://skincare33.example.com/contact,0,1,1,1,17,30,7,0.0,Low,0
294,Shoes Brand 34,info34@shoes34.example.com,https://shoes34.example.com,shoes,https://shoes34.example.com/contact,0,1,1,1,14,27,6,0.0,Low,0
295,Beauty Brand 35,info35@beauty35.example.com,https://beauty35.example.com,beauty,https://beauty35.example.com/contact,0,1,1,1,15,28,1,0.0,Low,0
296,Clothing Brand 36,info36@clothing36.example.com,https://clothing36.example.com,clothing,https://clothing36.example.com/contact,1,1,1,1,17,30,2,100.0,High,1
297,Beauty Brand 37,info37@beauty37.example.com,https://beauty37.example.com,beauty,https://beauty37.example.com/contact,0,1,1,1,15,28,1,0.0,Low,0
298,Headwear Brand 38,info38@headwear38.example.com,https://headwear38.example.com,headwear,https://headwear38.example.com/contact,1,1,1,1,17,30,4,100.0,High,1
299,Headwear Brand 39,info39@headwear39.example.com,https://headwear39.example.com,headwear,https://headwear39.example.com/contact,1,1,1,1,17,30,4,100.0,High,1
300,Sportswear Brand 40,info40@sportswear40.example.com,https://sportswear40.example.com,sportswear,https://sportswear40.example.com/contact,0,1,1,1,19,32,8,0.0,Low,0
301,Sportswear Brand 41,info41@sportswear41.example.com,https://sportswear41.example.com,sportswear,https://sportswear41.example.com/contact,0,1,1,1,19,32,8,0.0,Low,0
302,Fashion Brand 42,info42@fashion42.example.com,https://fashion42.example.com,fashion,https://fashion42.example.com/contact,1,1,1,1,16,29,3,100.0,High,1
303,Bags Brand 43,info43@bags43.example.com,https://bags43.example.com,bags,https://bags43.example.com/contact,0,1,1,1,13,26,0,0.0,Low,0
304,Headwear Brand 44,info44@headwear44.example.com,https://headwear44.example.com,headwear,https://headwear44.example.com/contact,1,1,1,1,17,30,4,100.0,High,1
305,Beauty Brand 45,info45@beauty45.example.com,https://beauty45.example.com,beauty,https://beauty45.example.com/contact,0,1,1,1,15,28,1,0.0,Low,0
306,Bags Brand 46,info46@bags46.example.com,https://bags46.example.com,bags,https://bags46.example.com/contact,0,1,1,1,13,26,0,0.0,Low,0
307,Shoes Brand 47,info47@shoes47.example.com,https://shoes47.example.com,shoes,https://shoes47.example.com/contact,0,1,1,1,14,27,6,0.0,Low,0
308,Fashion Brand 48,info48@fashion48.example.com,https://fashion48.example.com,fashion,https://fashion48.example.com/contact,1,1,1,1,16,29,3,100.0,High,1
309,Sportswear Brand 49,info49@sportswear49.example.com,https://sportswear49.example.com,sportswear,https://sportswear49.example.com/contact,0,1,1,1,19,32,8,0.0,Low,0
310,Fashion Brand 50,info50@fashion50.example.com,https://fashion50.example.com,fashion,https://fashion50.example.com/contact,1,1,1,1,16,29,3,100.0,High,1
311,Jewellery Brand 51,info51@jewellery51.example.com,https://jewellery51.example.com,jewellery,https://jewellery51.example.com/contact,0,1,1,1,18,31,5,0.0,Low,0
312,Beauty Brand 52,info52@beauty52.example.com,https://beauty52.example.com,beauty,https://beauty52.example.com/contact,0,1,1,1,15,28,1,0.0,Low,0
313,Headwear Brand 53,info53@headwear53.example.com,https://headwear53.example.com,headwear,https://headwear53.example.com/contact,1,1,1,1,17,30,4,100.0,High,1
314,Clothing Brand 54,info54@clothing54.example.com,https://clothing54.example.com,clothing,https://clothing54.example.com/contact,1,1,1,1,17,30,2,100.0,High,1
315,Skincare Brand 55,info55@skincare55.example.com,https://skincare55.example.com,skincare,https://skincare55.example.com/contact,0,1,1,1,17,30,7,0.0,Low,0
316,Skincare Brand 56,info56@skincare56.example.com,https://skincare56.example.com,skincare,https://skincare56.example.com/contact,0,1,1,1,17,30,7,0.0,Low,0
317,Jewellery Brand 57,info57@jewellery57.example.com,https://jewellery57.example.com,jewellery,https://jewellery57.example.com/contact,0,1,1,1,18,31,5,0.0,Low,0
318,Shoes Brand 58,info58@shoes58.example.com,https://shoes58.example.com,shoes,https://shoes58.example.com/contact,0,1,1,1,14,27,6,0.0,Low,0
319,Jewellery Brand 59,info59@jewellery59.example.com,https://jewellery59.example.com,jewellery,https://jewellery59.example.com/contact,0,1,1,1,18,31,5,0.0,Low,0
320,Beauty Brand 60,info60@beauty60.example.com,https://beauty60.example.com,beauty,https://beauty60.example.com/contact,0,1,1,1,15,28,1,0.0,Low,0
321,Skincare Brand 61,info61@skincare61.example.com,https://skincare61.example.com,skincare,https://skincare61.example.com/contact,0,1,1,1,17,30,7,0.0,Low,0
322,Clothing Brand 62,info62@clothing62.example.com,https://clothing62.example.com,clothing,https://clothing62.example.com/contact,1,1,1,1,17,30,2,100.0,High,1
323,Shoes Brand 63,info63@shoes63.example.com,https://shoes63.example.com,shoes,https://shoes63.example.com/contact,0,1,1,1,14,27,6,0.0,Low,0
324,Sportswear Brand 64,info64@sportswear64.example.com,https://sportswear64.example.com,sportswear,https://sportswear64.example.com/contact,0,1,1,1,19,32,8,0.0,Low,0
325,Skincare Brand 65,info65@skincare65.example.com,https://skincare65.example.com,skincare,https://skincare65.example.com/contact,0,1,1,1,17,30,7,0.0,Low,0
326,Sportswear Brand 66,info66@sportswear66.example.com,https://sportswear66.example.com,sportswear,https://sportswear66.example.com/contact,0,1,1,1,19,32,8,0.0,Low,0
327,Headwear Brand 67,info67@headwear67.example.com,https://headwear67.example.com,headwear,https://headwear67.example.com/contact,1,1,1,1,17,30,4,100.0,High,1
328,Jewellery Brand 68,info68@jewellery68.example.com,https://jewellery68.example.com,jewellery,https://jewellery68.example.com/contact,0,1,1,1,18,31,5,0.0,Low,0
329,Skincare Brand 69,info69@skincare69.example.com,https://skincare69.example.com,skincare,https://skincare69.example.com/contact,0,1,1,1,17,30,7,0.0,Low,0
330,Beauty Brand 70,info70@beauty70.example.com,https://beauty70.example.com,beauty,https://beauty70.example.com/contact,0,1,1,1,15,28,1,0.0,Low,0
331,Skincare Brand 71,info71@skincare71.example.com,https://skincare71.example.com,skincare,https://skincare71.example.com/contact,0,1,1,1,17,30,7,0.0,Low,0
332,Shoes Brand 72,info72@shoes72.example.com,https://shoes72.example.com,shoes,https://shoes72.example.com/contact,0,1,1,1,14,27,6,0.0,Low,0
333,Fashion Brand 73,info73@fashion73.example.com,https://fashion73.example.com,fashion,https://fashion73.example.com/contact,1,1,1,1,16,29,3,100.0,High,1
334,Shoes Brand 74,info74@shoes74.example.com,https://shoes74.example.com,shoes,https://shoes74.example.com/contact,0,1,1,1,14,27,6,0.0,Low,0
335,Shoes Brand 75,info75@shoes75.example.com,https://shoes75.example.com,shoes,https://shoes75.example.com/contact,0,1,1,1,14,27,6,0.0,Low,0
336,Beauty Brand 76,info76@beauty76.example.com,https://beauty76.example.com,beauty,https://beauty76.example.com/contact,0,1,1,1,15,28,1,0.0,Low,0
337,Bags Brand 77,info77@bags77.example.com,https://bags77.example.com,bags,https://bags77.example.com/contact,0,1,1,1,13,26,0,0.0,Low,0
338,Sportswear Brand 78,info78@sportswear78.example.com,https://sportswear78.example.com,sportswear,https://sportswear78.example.com/contact,0,1,1,1,19,32,8,0.0,Low,0
339,Headwear Brand 79,info79@headwear79.example.com,https://headwear79.example.com,headwear,https://headwear79.example.com/contact,1,1,1,1,17,30,4,100.0,High,1
340,Bags Brand 80,info80@bags80.example.com,https://bags80.example.com,bags,https://bags80.example.com/contact,0,1,1,1,13,26,0,0.0,Low,0
341,Jewellery Brand 81,info81@jewellery81.example.com,https://jewellery81.example.com,jewellery,https://jewellery81.example.com/contact,0,1,1,1,18,31,5,0.0,Low,0
342,Fashion Brand 82,info82@fashion82.example.com,https://fashion82.example.com,fashion,https://fashion82.example.com/contact,1,1,1,1,16,29,3,100.0,High,1
343,Jewellery Brand 83,info83@jewellery83.example.com,https://jewellery83.example.com,jewellery,https://jewellery83.example.com/contact,0,1,1,1,18,31,5,0.0,Low,0
344,Skincare Brand 84,info84@skincare84.example.com,https://skincare84.example.com,skincare,https://skincare84.example.com/contact,0,1,1,1,17,30,7,0.0,Low,0
345,Beauty Brand 85,info85@beauty85.example.com,https://beauty85.example.com,beauty,https://beauty85.example.com/contact,0,1,1,1,15,28,1,0.0,Low,0
346,Sportswear Brand 86,info86@sportswear86.example.com,https://sportswear86.example.com,sportswear,https://sportswear86.example.com/contact,0,1,1,1,19,32,8,0.0,Low,0
347,Bags Brand 87,info87@bags87.example.com,https://bags87.example.com,bags,https://bags87.example.com/contact,0,1,1,1,13,26,0,0.0,Low,0
348,Sportswear Brand 88,info88@sportswear88.example.com,https://sportswear88.example.com,sportswear,https://sportswear88.example.com/contact,0,1,1,1,19,32,8,0.0,Low,0
349,Shoes Brand 89,info89@shoes89.example.com,https://shoes89.example.com,shoes,https://shoes89.example.com/contact,0,1,1,1,14,27,6,0.0,Low,0
350,Shoes Brand 90,info90@shoes90.example.com,https://shoes90.example.com,shoes,https://shoes90.example.com/contact,0,1,1,1,14,27,6,0.0,Low,0
351,Shoes Brand 91,info91@shoes91.example.com,https://shoes91.example.com,shoes,https://shoes91.example.com/contact,0,1,1,1,14,27,6,0.0,Low,0
352,Shoes Brand 92,info92@shoes92.example.com,https://shoes92.example.com,shoes,https://shoes92.example.com/contact,0,1,1,1,14,27,6,0.0,Low,0
353,Jewellery Brand 93,info93@jewellery93.example.com,https://jewellery93.example.com,jewellery,https://jewellery93.example.com/contact,0,1,1,1,18,31,5,0.0,Low,0
354,Jewellery Brand 94,info94@jewellery94.example.com,https://jewellery94.example.com,jewellery,https://jewellery94.example.com/contact,0,1,1,1,18,31,5,0.0,Low,0
355,Sportswear Brand 95,info95@sportswear95.example.com,https://sportswear95.example.com,sportswear,https://sportswear95.example.com/contact,0,1,1,1,19,32,8,0.0,Low,0
356,Jewellery Brand 96,info96@jewellery96.example.com,https://jewellery96.example.com,jewellery,https://jewellery96.example.com/contact,0,1,1,1,18,31,5,0.0,Low,0
357,Bags Brand 97,info97@bags97.example.com,https://bags97.example.com,bags,https://bags97.example.com/contact,0,1,1,1,13,26,0,0.0,Low,0
358,Beauty Brand 98,info98@beauty98.example.com,https://beauty98.example.com,beauty,https://beauty98.example.com/contact,0,1,1,1,15,28,1,0.0,Low,0
359,Jewellery Brand 99,info99@jewellery99.example.com,https://jewellery99.example.com,jewellery,https://jewellery99.example.com/contact,0,1,1,1,18,31,5,0.0,Low,0
360,Bags Brand 100,info100@bags100.example.com,https://bags100.example.com,bags,https://bags100.example.com/contact,0,1,1,1,14,27,0,0.0,Low,0
361,Clothing Brand 101,info101@clothing101.example.com,https://clothing101.example.com,clothing,https://clothing101.example.com/contact,1,1,1,1,18,31,2,100.0,High,1
362,Fashion Brand 102,info102@fashion102.example.com,https://fashion102.example.com,fashion,https://fashion102.example.com/contact,1,1,1,1,17,30,3,100.0,High,1
363,Fashion Brand 103,info103@fashion103.example.com,https://fashion103.example.com,fashion,https://fashion103.example.com/contact,1,1,1,1,17,30,3,100.0,High,1
364,Sportswear Brand 104,info104@sportswear104.example.com,https://sportswear104.example.com,sportswear,https://sportswear104.example.com/contact,0,1,1,1,20,33,8,0.0,Low,0
365,Clothing Brand 105,info105@clothing105.example.com,https://clothing105.example.com,clothing,https://clothing105.example.com/contact,1,1,1,1,18,31,2,100.0,High,1
366,Headwear Brand 106,info106@headwear106.example.com,https://headwear106.example.com,headwear,https://headwear106.example.com/contact,1,1,1,1,18,31,4,100.0,High,1
367,Fashion Brand 107,info107@fashion107.example.com,https://fashion107.example.com,fashion,https://fashion107.example.com/contact,1,1,1,1,17,30,3,100.0,High,1
368,Sportswear Brand 108,info108@sportswear108.example.com,https://sportswear108.example.com,sportswear,https://sportswear108.example.com/contact,0,1,1,1,20,33,8,0.0,Low,0
369,Shoes Brand 109,info109@shoes109.example.com,https://shoes109.example.com,shoes,https://shoes109.example.com/contact,0,1,1,1,15,28,6,0.0,Low,0
370,Bags Brand 110,info110@bags110.example.com,https://bags110.example.com,bags,https://bags110.example.com/contact,0,1,1,1,14,27,0,0.0,Low,0
371,Headwear Brand 111,info111@headwear111.example.com,https://headwear111.example.com,headwear,https://headwear111.example.com/contact,1,1,1,1,18,31,4,100.0,High,1
372,Beauty Brand 112,info112@beauty112.example.com,https://beauty112.example.com,beauty,https://beauty112.example.com/contact,0,1,1,1,16,29,1,0.0,Low,0
373,Bags Brand 113,info113@bags113.example.com,https://bags113.example.com,bags,https://bags113.example.com/contact,0,1,1,1,14,27,0,0.0,Low,0
374,Beauty Brand 114,info114@beauty114.example.com,https://beauty114.example.com,beauty,https://beauty114.example.com/contact,0,1,1,1,16,29,1,0.0,Low,0
375,Skincare Brand 115,info115@skincare115.example.com,https://skincare115.example.com,skincare,https://skincare115.example.com/contact,0,1,1,1,18,31,7,0.0,Low,0
376,Jewellery Brand 116,info116@jewellery116.example.com,https://jewellery116.example.com,jewellery,https://jewellery116.example.com/contact,0,1,1,1,19,32,5,0.0,Low,0
377,Jewellery Brand 117,info117@jewellery117.example.com,https://jewellery117.example.com,jewellery,https://jewellery117.example.com/contact,0,1,1,1,19,32,5,0.0,Low,0
378,Bags Brand 118,info118@bags118.example.com,https://bags118.example.com,bags,https://bags118.example.com/contact,0,1,1,1,14,27,0,0.0,Low,0
379,Shoes Brand 119,info119@shoes119.example.com,https://shoes119.example.com,shoes,https://shoes119.example.com/contact,0,1,1,1,15,28,6,0.0,Low,0
380,Clothing Brand 120,info120@clothing120.example.com,https://clothing120.example.com,clothing,https://clothing120.example.com/contact,1,1,1,1,18,31,2,100.0,High,1
381,Beauty Brand 121,info121@beauty121.example.com,https://beauty121.example.com,beauty,https://beauty121.example.com/contact,0,1,1,1,16,29,1,0.0,Low,0
382,Clothing Brand 122,info122@clothing122.example.com,https://clothing122.example.com,clothing,https://clothing122.example.com/contact,1,1,1,1,18,31,2,100.0,High,1
383,Fashion Brand 123,info123@fashion123.example.com,https://fashion123.example.com,fashion,https://fashion123.example.com/contact,1,1,1,1,17,30,3,100.0,High,1
384,Headwear Brand 124,info124@headwear124.example.com,https://headwear124.example.com,headwear,https://headwear124.example.com/contact,1,1,1,1,18,31,4,100.0,High,1
385,Fashion Brand 125,info125@fashion125.example.com,https://fashion125.example.com,fashion,https://fashion125.example.com/contact,1,1,1,1,17,30,3,100.0,High,1
386,Beauty Brand 126,info126@beauty126.example.com,https://beauty126.example.com,beauty,https://beauty126.example.com/contact,0,1,1,1,16,29,1,0.0,Low,0
387,Beauty Brand 127,info127@beauty127.example.com,https://beauty127.example.com,beauty,https://beauty127.example.com/contact,0,1,1,1,16,29,1,0.0,Low,0
388,Shoes Brand 128,info128@shoes128.example.com,https://shoes128.example.com,shoes,https://shoes128.example.com/contact,0,1,1,1,15,28,6,0.0,Low,0
389,Fashion Brand 129,info129@fashion129.example.com,https://fashion129.example.com,fashion,https://fashion129.example.com/contact,1,1,1,1,17,30,3,100.0,High,1
390,Headwear Brand 130,info130@headwear130.example.com,https://headwear130.example.com,headwear,https://headwear130.example.com/contact,1,1,1,1,18,31,4,100.0,High,1
391,Shoes Brand 131,info131@shoes131.example.com,https://shoes131.example.com,shoes,https://shoes131.example.com/contact,0,1,1,1,15,28,6,0.0,Low,0
392,Skincare Brand 132,info132@skincare132.example.com,https://skincare132.example.com,skincare,https://skincare132.example.com/contact,0,1,1,1,18,31,7,0.0,Low,0
393,Shoes Brand 133,info133@shoes133.example.com,https://shoes133.example.com,shoes,https://shoes133.example.com/contact,0,1,1,1,15,28,6,0.0,Low,0
394,Headwear Brand 134,info134@headwear134.example.com,https://headwear134.example.com,headwear,https://headwear134.example.com/contact,1,1,1,1,18,31,4,100.0,High,1
395,Headwear Brand 135,info135@headwear135.example.com,https://headwear135.example.com,headwear,https://headwear135.example.com/contact,1,1,1,1,18,31,4,100.0,High,1
396,Beauty Brand 136,info136@beauty136.example.com,https://beauty136.example.com,beauty,https://beauty136.example.com/contact,0,1,1,1,16,29,1,0.0,Low,0
397,Clothing Brand 137,info137@clothing137.example.com,https://clothing137.example.com,clothing,https://clothing137.example.com/contact,1,1,1,1,18,31,2,100.0,High,1
398,Shoes Brand 138,info138@shoes138.example.com,https://shoes138.example.com,shoes,https://shoes138.example.com/contact,0,1,1,1,15,28,6,0.0,Low,0
399,Shoes Brand 139,info139@shoes139.example.com,https://shoes139.example.com,shoes,https://shoes139.example.com/contact,0,1,1,1,15,28,6,0.0,Low,0
400,Shoes Brand 140,info140@shoes140.example.com,https://shoes140.example.com,shoes,https://shoes140.example.com/contact,0,1,1,1,15,28,6,0.0,Low,0
401,Shoes Brand 141,info141@shoes141.example.com,https://shoes141.example.com,shoes,https://shoes141.example.com/contact,0,1,1,1,15,28,6,0.0,Low,0
402,Skincare Brand 142,info142@skincare142.example.com,https://skincare142.example.com,skincare,https://skincare142.example.com/contact,0,1,1,1,18,31,7,0.0,Low,0
403,Fashion Brand 143,info143@fashion143.example.com,https://fashion143.example.com,fashion,https://fashion143.example.com/contact,1,1,1,1,17,30,3,100.0,High,1
404,Headwear Brand 144,info144@headwear144.example.com,https://headwear144.example.com,headwear,https://headwear144.example.com/contact,1,1,1,1,18,31,4,100.0,High,1
405,Beauty Brand 145,info145@beauty145.example.com,https://beauty145.example.com,beauty,https://beauty145.example.com/contact,0,1,1,1,16,29,1,0.0,Low,0
406,Headwear Brand 146,info146@headwear146.example.com,https://headwear146.example.com,headwear,https://headwear146.example.com/contact,1,1,1,1,18,31,4,100.0,High,1
407,Clothing Brand 147,info147@clothing147.example.com,https://clothing147.example.com,clothing,https://clothing147.example.com/contact,1,1,1,1,18,31,2,100.0,High,1
408,Fashion Brand 148,info148@fashion148.example.com,https://fashion148.example.com,fashion,https://fashion148.example.com/contact,1,1,1,1,17,30,3,100.0,High,1
409,Beauty Brand 149,info149@beauty149.example.com,https://beauty149.example.com,beauty,https://beauty149.example.com/contact,0,1,1,1,16,29,1,0.0,Low,0
410,Bags Brand 150,info150@bags150.example.com,https://bags150.example.com,bags,https://bags150.example.com/contact,0,1,1,1,14,27,0,0.0,Low,0
411,Jewellery Brand 151,info151@jewellery151.example.com,https://jewellery151.example.com,jewellery,https://jewellery151.example.com/contact,0,1,1,1,19,32,5,0.0,Low,0
412,Skincare Brand 152,info152@skincare152.example.com,https://skincare152.example.com,skincare,https://skincare152.example.com/contact,0,1,1,1,18,31,7,0.0,Low,0
413,Shoes Brand 153,info153@shoes153.example.com,https://shoes153.example.com,shoes,https://shoes153.example.com/contact,0,1,1,1,15,28,6,0.0,Low,0
414,Fashion Brand 154,info154@fashion154.example.com,https://fashion154.example.com,fashion,https://fashion154.example.com/contact,1,1,1,1,17,30,3,100.0,High,1
415,Headwear Brand 155,info155@headwear155.example.com,https://headwear155.example.com,headwear,https://headwear155.example.com/contact,1,1,1,1,18,31,4,100.0,High,1
416,Jewellery Brand 156,info156@jewellery156.example.com,https://jewellery156.example.com,jewellery,https://jewellery156.example.com/contact,0,1,1,1,19,32,5,0.0,Low,0
417,Skincare Brand 157,info157@skincare157.example.com,https://skincare157.example.com,skincare,https://skincare157.example.com/contact,0,1,1,1,18,31,7,0.0,Low,0
418,Sportswear Brand 158,info158@sportswear158.example.com,https://sportswear158.example.com,sportswear,https://sportswear158.example.com/contact,0,1,1,1,20,33,8,0.0,Low,0
419,Fashion Brand 159,info159@fashion159.example.com,https://fashion159.example.com,fashion,https://fashion159.example.com/contact,1,1,1,1,17,30,3,100.0,High,1
420,Beauty Brand 160,info160@beauty160.example.com,https://beauty160.example.com,beauty,https://beauty160.example.com/contact,0,1,1,1,16,29,1,0.0,Low,0
421,Clothing Brand 161,info161@clothing161.example.com,https://clothing161.example.com,clothing,https://clothing161.example.com/contact,1,1,1,1,18,31,2,100.0,High,1
422,Bags Brand 162,info162@bags162.example.com,https://bags162.example.com,bags,https://bags162.example.com/contact,0,1,1,1,14,27,0,0.0,Low,0
423,Beauty Brand 163,info163@beauty163.example.com,https://beauty163.example.com,beauty,https://beauty163.example.com/contact,0,1,1,1,16,29,1,0.0,Low,0
424,Clothing Brand 164,info164@clothing164.example.com,https://clothing164.example.com,clothing,https://clothing164.example.com/contact,1,1,1,1,18,31,2,100.0,High,1
425,Sportswear Brand 165,info165@sportswear165.example.com,https://sportswear165.example.com,sportswear,https://sportswear165.example.com/contact,0,1,1,1,20,33,8,0.0,Low,0
426,Headwear Brand 166,info166@headwear166.example.com,https://headwear166.example.com,headwear,https://headwear166.example.com/contact,1,1,1,1,18,31,4,100.0,High,1
427,Clothing Brand 167,info167@clothing167.example.com,https://clothing167.example.com,clothing,https://clothing167.example.com/contact,1,1,1,1,18,31,2,100.0,High,1
428,Sportswear Brand 168,info168@sportswear168.example.com,https://sportswear168.example.com,sportswear,https://sportswear168.example.com/contact,0,1,1,1,20,33,8,0.0,Low,0
429,Sportswear Brand 169,info169@sportswear169.example.com,https://sportswear169.example.com,sportswear,https://sportswear169.example.com/contact,0,1,1,1,20,33,8,0.0,Low,0
430,Clothing Brand 170,info170@clothing170.example.com,https://clothing170.example.com,clothing,https://clothing170.example.com/contact,1,1,1,1,18,31,2,100.0,High,1
431,Fashion Brand 171,info171@fashion171.example.com,https://fashion171.example.com,fashion,https://fashion171.example.com/contact,1,1,1,1,17,30,3,100.0,High,1
432,Skincare Brand 172,info172@skincare172.example.com,https://skincare172.example.com,skincare,https://skincare172.example.com/contact,0,1,1,1,18,31,7,0.0,Low,0
433,Sportswear Brand 173,info173@sportswear173.example.com,https://sportswear173.example.com,sportswear,https://sportswear173.example.com/contact,0,1,1,1,20,33,8,0.0,Low,0
434,Skincare Brand 174,info174@skincare174.example.com,https://skincare174.example.com,skincare,https://skincare174.example.com/contact,0,1,1,1,18,31,7,0.0,Low,0
435,Beauty Brand 175,info175@beauty175.example.com,https://beauty175.example.com,beauty,https://beauty175.example.com/contact,0,1,1,1,16,29,1,0.0,Low,0
436,Headwear Brand 176,info176@headwear176.example.com,https://headwear176.example.com,headwear,https://headwear176.example.com/contact,1,1,1,1,18,31,4,100.0,High,1
437,Shoes Brand 177,info177@shoes177.example.com,https://shoes177.example.com,shoes,https://shoes177.example.com/contact,0,1,1,1,15,28,6,0.0,Low,0
438,Beauty Brand 178,info178@beauty178.example.com,https://beauty178.example.com,beauty,https://beauty178.example.com/contact,0,1,1,1,16,29,1,0.0,Low,0
439,Beauty Brand 179,info179@beauty179.example.com,https://beauty179.example.com,beauty,https://beauty179.example.com/contact,0,1,1,1,16,29,1,0.0,Low,0
440,Jewellery Brand 180,info180@jewellery180.example.com,https://jewellery180.example.com,jewellery,https://jewellery180.example.com/contact,0,1,1,1,19,32,5,0.0,Low,0
441,Shoes Brand 181,info181@shoes181.example.com,https://shoes181.example.com,shoes,https://shoes181.example.com/contact,0,1,1,1,15,28,6,0.0,Low,0
442,Shoes Brand 182,info182@shoes182.example.com,https://shoes182.example.com,shoes,https://shoes182.example.com/contact,0,1,1,1,15,28,6,0.0,Low,0
443,Jewellery Brand 183,info183@jewellery183.example.com,https://jewellery183.example.com,jewellery,https://jewellery183.example.com/contact,0,1,1,1,19,32,5,0.0,Low,0
444,Beauty Brand 184,info184@beauty184.example.com,https://beauty184.example.com,beauty,https://beauty184.example.com/contact,0,1,1,1,16,29,1,0.0,Low,0
445,Shoes Brand 185,info185@shoes185.example.com,https://shoes185.example.com,shoes,https://shoes185.example.com/contact,0,1,1,1,15,28,6,0.0,Low,0
446,Beauty Brand 186,info186@beauty186.example.com,https://beauty186.example.com,beauty,https://beauty186.example.com/contact,0,1,1,1,16,29,1,0.0,Low,0
447,Headwear Brand 187,info187@headwear187.example.com,https://headwear187.example.com,headwear,https://headwear187.example.com/contact,1,1,1,1,18,31,4,100.0,High,1
448,Jewellery Brand 188,info188@jewellery188.example.com,https://jewellery188.example.com,jewellery,https://jewellery188.example.com/contact,0,1,1,1,19,32,5,0.0,Low,0
449,Jewellery Brand 189,info189@jewellery189.example.com,https://jewellery189.example.com,jewellery,https://jewellery189.example.com/contact,0,1,1,1,19,32,5,0.0,Low,0
450,Clothing Brand 190,info190@clothing190.example.com,https://clothing190.example.com,clothing,https://clothing190.example.com/contact,1,1,1,1,18,31,2,100.0,High,1
451,Bags Brand 191,info191@bags191.example.com,https://bags191.example.com,bags,https://bags191.example.com/contact,0,1,1,1,14,27,0,0.0,Low,0
452,Sportswear Brand 192,info192@sportswear192.example.com,https://sportswear192.example.com,sportswear,https://sportswear192.example.com/contact,0,1,1,1,20,33,8,0.0,Low,0
453,Skincare Brand 193,info193@skincare193.example.com,https://skincare193.example.com,skincare,https://skincare193.example.com/contact,0,1,1,1,18,31,7,0.0,Low,0
454,Bags Brand 194,info194@bags194.example.com,https://bags194.example.com,bags,https://bags194.example.com/contact,0,1,1,1,14,27,0,0.0,Low,0
455,Bags Brand 195,info195@bags195.example.com,https://bags195.example.com,bags,https://bags195.example.com/contact,0,1,1,1,14,27,0,0.0,Low,0
456,Clothing Brand 196,info196@clothing196.example.com,https://clothing196.example.com,clothing,https://clothing196.example.com/contact,1,1,1,1,18,31,2,100.0,High,1
457,Sportswear Brand 197,info197@sportswear197.example.com,https://sportswear197.example.com,sportswear,https://sportswear197.example.com/contact,0,1,1,1,20,33,8,0.0,Low,0
458,Clothing Brand 198,info198@clothing198.example.com,https://clothing198.example.com,clothing,https://clothing198.example.com/contact,1,1,1,1,18,31,2,100.0,High,1
459,Clothing Brand 199,info199@clothing199.example.com,https://clothing199.example.com,clothing,https://clothing199.example.com/contact,1,1,1,1,18,31,2,100.0,High,1
460,Bags Brand 200,info200@bags200.example.com,https://bags200.example.com,bags,https://bags200.example.com/contact,0,1,1,1,14,27,0,0.0,Low,0
461,Clothing Brand 201,info201@clothing201.example.com,https://clothing201.example.com,clothing,https://clothing201.example.com/contact,1,1,1,1,18,31,2,100.0,High,1
462,Sportswear Brand 202,info202@sportswear202.example.com,https://sportswear202.example.com,sportswear,https://sportswear202.example.com/contact,0,1,1,1,20,33,8,0.0,Low,0
463,Sportswear Brand 203,info203@sportswear203.example.com,https://sportswear203.example.com,sportswear,https://sportswear203.example.com/contact,0,1,1,1,20,33,8,0.0,Low,0
464,Bags Brand 204,info204@bags204.example.com,https://bags204.example.com,bags,https://bags204.example.com/contact,0,1,1,1,14,27,0,0.0,Low,0
465,Headwear Brand 205,info205@headwear205.example.com,https://headwear205.example.com,headwear,https://headwear205.example.com/contact,1,1,1,1,18,31,4,100.0,High,1
466,Fashion Brand 206,info206@fashion206.example.com,https://fashion206.example.com,fashion,https://fashion206.example.com/contact,1,1,1,1,17,30,3,100.0,High,1
467,Shoes Brand 207,info207@shoes207.example.com,https://shoes207.example.com,shoes,https://shoes207.example.com/contact,0,1,1,1,15,28,6,0.0,Low,0
468,Headwear Brand 208,info208@headwear208.example.com,https://headwear208.example.com,headwear,https://headwear208.example.com/contact,1,1,1,1,18,31,4,100.0,High,1
469,Fashion Brand 209,info209@fashion209.example.com,https://fashion209.example.com,fashion,https://fashion209.example.com/contact,1,1,1,1,17,30,3,100.0,High,1
470,Bags Brand 210,info210@bags210.example.com,https://bags210.example.com,bags,https://bags210.example.com/contact,0,1,1,1,14,27,0,0.0,Low,0
471,Beauty Brand 211,info211@beauty211.example.com,https://beauty211.example.com,beauty,https://beauty211.example.com/contact,0,1,1,1,16,29,1,0.0,Low,0
472,Headwear Brand 212,info212@headwear212.example.com,https://headwear212.example.com,headwear,https://headwear212.example.com/contact,1,1,1,1,18,31,4,100.0,High,1
473,Sportswear Brand 213,info213@sportswear213.example.com,https://sportswear213.example.com,sportswear,https://sportswear213.example.com/contact,0,1,1,1,20,33,8,0.0,Low,0
474,Skincare Brand 214,info214@skincare214.example.com,https://skincare214.example.com,skincare,https://skincare214.example.com/contact,0,1,1,1,18,31,7,0.0,Low,0
475,Clothing Brand 215,info215@clothing215.example.com,https://clothing215.example.com,clothing,https://clothing215.example.com/contact,1,1,1,1,18,31,2,100.0,High,1
476,Sportswear Brand 216,info216@sportswear216.example.com,https://sportswear216.example.com,sportswear,https://sportswear216.example.com/contact,0,1,1,1,20,33,8,0.0,Low,0
477,Clothing Brand 217,info217@clothing217.example.com,https://clothing217.example.com,clothing,https://clothing217.example.com/contact,1,1,1,1,18,31,2,100.0,High,1
478,Jewellery Brand 218,info218@jewellery218.example.com,https://jewellery218.example.com,jewellery,https://jewellery218.example.com/contact,0,1,1,1,19,32,5,0.0,Low,0
479,Jewellery Brand 219,info219@jewellery219.example.com,https://jewellery219.example.com,jewellery,https://jewellery219.example.com/contact,0,1,1,1,19,32,5,0.0,Low,0
480,Fashion Brand 220,info220@fashion220.example.com,https://fashion220.example.com,fashion,https://fashion220.example.com/contact,1,1,1,1,17,30,3,100.0,High,1
481,Skincare Brand 221,info221@skincare221.example.com,https://skincare221.example.com,skincare,https://skincare221.example.com/contact,0,1,1,1,18,31,7,0.0,Low,0
482,Jewellery Brand 222,info222@jewellery222.example.com,https://jewellery222.example.com,jewellery,https://jewellery222.example.com/contact,0,1,1,1,19,32,5,0.0,Low,0
483,Jewellery Brand 223,info223@jewellery223.example.com,https://jewellery223.example.com,jewellery,https://jewellery223.example.com/contact,0,1,1,1,19,32,5,0.0,Low,0
484,Sportswear Brand 224,info224@sportswear224.example.com,https://sportswear224.example.com,sportswear,https://sportswear224.example.com/contact,0,1,1,1,20,33,8,0.0,Low,0
485,Beauty Brand 225,info225@beauty225.example.com,https://beauty225.example.com,beauty,https://beauty225.example.com/contact,0,1,1,1,16,29,1,0.0,Low,0
486,Clothing Brand 226,info226@clothing226.example.com,https://clothing226.example.com,clothing,https://clothing226.example.com/contact,1,1,1,1,18,31,2,100.0,High,1
487,Headwear Brand 227,info227@headwear227.example.com,https://headwear227.example.com,headwear,https://headwear227.example.com/contact,1,1,1,1,18,31,4,100.0,High,1
488,Clothing Brand 228,info228@clothing228.example.com,https://clothing228.example.com,clothing,https://clothing228.example.com/contact,1,1,1,1,18,31,2,100.0,High,1
489,Beauty Brand 229,info229@beauty229.example.com,https://beauty229.example.com,beauty,https://beauty229.example.com/contact,0,1,1,1,16,29,1,0.0,Low,0
490,Headwear Brand 230,info230@headwear230.example.com,https://headwear230.example.com,headwear,https://headwear230.example.com/contact,1,1,1,1,18,31,4,100.0,High,1
491,Clothing Brand 231,info231@clothing231.example.com,https://clothing231.example.com,clothing,https://clothing231.example.com/contact,1,1,1,1,18,31,2,100.0,High,1
492,Sportswear Brand 232,info232@sportswear232.example.com,https://sportswear232.example.com,sportswear,https://sportswear232.example.com/contact,0,1,1,1,20,33,8,0.0,Low,0
493,Beauty Brand 233,info233@beauty233.example.com,https://beauty233.example.com,beauty,https://beauty233.example.com/contact,0,1,1,1,16,29,1,0.0,Low,0
494,Shoes Brand 234,info234@shoes234.example.com,https://shoes234.example.com,shoes,https://shoes234.example.com/contact,0,1,1,1,15,28,6,0.0,Low,0
495,Bags Brand 235,info235@bags235.example.com,https://bags235.example.com,bags,https://bags235.example.com/contact,0,1,1,1,14,27,0,0.0,Low,0
496,Clothing Brand 236,info236@clothing236.example.com,https://clothing236.example.com,clothing,https://clothing236.example.com/contact,1,1,1,1,18,31,2,100.0,High,1
497,Skincare Brand 237,info237@skincare237.example.com,https://skincare237.example.com,skincare,https://skincare237.example.com/contact,0,1,1,1,18,31,7,0.0,Low,0
498,Bags Brand 238,info238@bags238.example.com,https://bags238.example.com,bags,https://bags238.example.com/contact,0,1,1,1,14,27,0,0.0,Low,0
499,Clothing Brand 239,info239@clothing239.example.com,https://clothing239.example.com,clothing,https://clothing239.example.com/contact,1,1,1,1,18,31,2,100.0,High,1
500,Headwear Brand 240,info240@headwear240.example.com,https://headwear240.example.com,headwear,https://headwear240.example.com/contact,1,1,1,1,18,31,4,100.0,High,1
501,Skincare Brand 241,info241@skincare241.example.com,https://skincare241.example.com,skincare,https://skincare241.example.com/contact,0,1,1,1,18,31,7,0.0,Low,0
502,Fashion Brand 242,info242@fashion242.example.com,https://fashion242.example.com,fashion,https://fashion242.example.com/contact,1,1,1,1,17,30,3,100.0,High,1
503,Fashion Brand 243,info243@fashion243.example.com,https://fashion243.example.com,fashion,https://fashion243.example.com/contact,1,1,1,1,17,30,3,100.0,High,1
504,Bags Brand 244,info244@bags244.example.com,https://bags244.example.com,bags,https://bags244.example.com/contact,0,1,1,1,14,27,0,0.0,Low,0
505,Fashion Brand 245,info245@fashion245.example.com,https://fashion245.example.com,fashion,https://fashion245.example.com/contact,1,1,1,1,17,30,3,100.0,High,1
506,Shoes Brand 246,info246@shoes246.example.com,https://shoes246.example.com,shoes,https://shoes246.example.com/contact,0,1,1,1,15,28,6,0.0,Low,0
507,Clothing Brand 247,info247@clothing247.example.com,https://clothing247.example.com,clothing,https://clothing247.example.com/contact,1,1,1,1,18,31,2,100.0,High,1
508,Sportswear Brand 248,info248@sportswear248.example.com,https://sportswear248.example.com,sportswear,https://sportswear248.example.com/contact,0,1,1,1,20,33,8,0.0,Low,0
509,Fashion Brand 249,info249@fashion249.example.com,https://fashion249.example.com,fashion,https://fashion249.example.com/contact,1,1,1,1,17,30,3,100.0,High,1
510,Jewellery Brand 250,info250@jewellery250.example.com,https://jewellery250.example.com,jewellery,https://jewellery250.example.com/contact,0,1,1,1,19,32,5,0.0,Low,0
511,Sportswear Brand 251,info251@sportswear251.example.com,https://sportswear251.example.com,sportswear,https://sportswear251.example.com/contact,0,1,1,1,20,33,8,0.0,Low,0
512,Shoes Brand 252,info252@shoes252.example.com,https://shoes252.example.com,shoes,https://shoes252.example.com/contact,0,1,1,1,15,28,6,0.0,Low,0
513,Jewellery Brand 253,info253@jewellery253.example.com,https://jewellery253.example.com,jewellery,https://jewellery253.example.com/contact,0,1,1,1,19,32,5,0.0,Low,0
514,Clothing Brand 254,info254@clothing254.example.com,https://clothing254.example.com,clothing,https://clothing254.example.com/contact,1,1,1,1,18,31,2,100.0,High,1
515,Headwear Brand 255,info255@headwear255.example.com,https://headwear255.example.com,headwear,https://headwear255.example.com/contact,1,1,1,1,18,31,4,100.0,High,1
516,Clothing Brand 256,info256@clothing256.example.com,https://clothing256.example.com,clothing,https://clothing256.example.com/contact,1,1,1,1,18,31,2,100.0,High,1
517,Beauty Brand 257,info257@beauty257.example.com,https://beauty257.example.com,beauty,https://beauty257.example.com/contact,0,1,1,1,16,29,1,0.0,Low,0
518,Bags Brand 258,info258@bags258.example.com,https://bags258.example.com,bags,https://bags258.example.com/contact,0,1,1,1,14,27,0,0.0,Low,0
519,Skincare Brand 259,info259@skincare259.example.com,https://skincare259.example.com,skincare,https://skincare259.example.com/contact,0,1,1,1,18,31,7,0.0,Low,0
520,Clothing Brand 260,info260@clothing260.example.com,https://clothing260.example.com,clothing,https://clothing260.example.com/contact,1,1,1,1,18,31,2,100.0,High,1
521,Fashion Brand 261,info261@fashion261.example.com,https://fashion261.example.com,fashion,https://fashion261.example.com/contact,1,1,1,1,17,30,3,100.0,High,1
522,Headwear Brand 262,info262@headwear262.example.com,https://headwear262.example.com,headwear,https://headwear262.example.com/contact,1,1,1,1,18,31,4,100.0,High,1
523,Sportswear Brand 263,info263@sportswear263.example.com,https://sportswear263.example.com,sportswear,https://sportswear263.example.com/contact,0,1,1,1,20,33,8,0.0,Low,0
524,Headwear Brand 264,info264@headwear264.example.com,https://headwear264.example.com,headwear,https://headwear264.example.com/contact,1,1,1,1,18,31,4,100.0,High,1
525,Headwear Brand 265,info265@headwear265.example.com,https://headwear265.example.com,headwear,https://headwear265.example.com/contact,1,1,1,1,18,31,4,100.0,High,1
526,Fashion Brand 266,info266@fashion266.example.com,https://fashion266.example.com,fashion,https://fashion266.example.com/contact,1,1,1,1,17,30,3,100.0,High,1
527,Shoes Brand 267,info267@shoes267.example.com,https://shoes267.example.com,shoes,https://shoes267.example.com/contact,0,1,1,1,15,28,6,0.0,Low,0
528,Beauty Brand 268,info268@beauty268.example.com,https://beauty268.example.com,beauty,https://beauty268.example.com/contact,0,1,1,1,16,29,1,0.0,Low,0
529,Jewellery Brand 269,info269@jewellery269.example.com,https://jewellery269.example.com,jewellery,https://jewellery269.example.com/contact,0,1,1,1,19,32,5,0.0,Low,0
530,Sportswear Brand 270,info270@sportswear270.example.com,https://sportswear270.example.com,sportswear,https://sportswear270.example.com/contact,0,1,1,1,20,33,8,0.0,Low,0
531,Headwear Brand 271,info271@headwear271.example.com,https://headwear271.example.com,headwear,https://headwear271.example.com/contact,1,1,1,1,18,31,4,100.0,High,1
532,Skincare Brand 272,info272@skincare272.example.com,https://skincare272.example.com,skincare,https://skincare272.example.com/contact,0,1,1,1,18,31,7,0.0,Low,0
533,Headwear Brand 273,info273@headwear273.example.com,https://headwear273.example.com,headwear,https://headwear273.example.com/contact,1,1,1,1,18,31,4,100.0,High,1
534,Shoes Brand 274,info274@shoes274.example.com,https://shoes274.example.com,shoes,https://shoes274.example.com/contact,0,1,1,1,15,28,6,0.0,Low,0
535,Jewellery Brand 275,info275@jewellery275.example.com,https://jewellery275.example.com,jewellery,https://jewellery275.example.com/contact,0,1,1,1,19,32,5,0.0,Low,0
536,Clothing Brand 276,info276@clothing276.example.com,https://clothing276.example.com,clothing,https://clothing276.example.com/contact,1,1,1,1,18,31,2,100.0,High,1
537,Headwear Brand 277,info277@headwear277.example.com,https://headwear277.example.com,headwear,https://headwear277.example.com/contact,1,1,1,1,18,31,4,100.0,High,1
538,Sportswear Brand 278,info278@sportswear278.example.com,https://sportswear278.example.com,sportswear,https://sportswear278.example.com/contact,0,1,1,1,20,33,8,0.0,Low,0
539,Clothing Brand 279,info279@clothing279.example.com,https://clothing279.example.com,clothing,https://clothing279.example.com/contact,1,1,1,1,18,31,2,100.0,High,1
540,Sportswear Brand 280,info280@sportswear280.example.com,https://sportswear280.example.com,sportswear,https://sportswear280.example.com/contact,0,1,1,1,20,33,8,0.0,Low,0
541,Skincare Brand 281,info281@skincare281.example.com,https://skincare281.example.com,skincare,https://skincare281.example.com/contact,0,1,1,1,18,31,7,0.0,Low,0
542,Shoes Brand 282,info282@shoes282.example.com,https://shoes282.example.com,shoes,https://shoes282.example.com/contact,0,1,1,1,15,28,6,0.0,Low,0
543,Shoes Brand 283,info283@shoes283.example.com,https://shoes283.example.com,shoes,https://shoes283.example.com/contact,0,1,1,1,15,28,6,0.0,Low,0
544,Fashion Brand 284,info284@fashion284.example.com,https://fashion284.example.com,fashion,https://fashion284.example.com/contact,1,1,1,1,17,30,3,100.0,High,1
545,Shoes Brand 285,info285@shoes285.example.com,https://shoes285.example.com,shoes,https://shoes285.example.com/contact,0,1,1,1,15,28,6,0.0,Low,0
546,Headwear Brand 286,info286@headwear286.example.com,https://headwear286.example.com,headwear,https://headwear286.example.com/contact,1,1,1,1,18,31,4,100.0,High,1
547,Headwear Brand 287,info287@headwear287.example.com,https://headwear287.example.com,headwear,https://headwear287.example.com/contact,1,1,1,1,18,31,4,100.0,High,1
548,Headwear Brand 288,info288@headwear288.example.com,https://headwear288.example.com,headwear,https://headwear288.example.com/contact,1,1,1,1,18,31,4,100.0,High,1
549,Headwear Brand 289,info289@headwear289.example.com,https://headwear289.example.com,headwear,https://headwear289.example.com/contact,1,1,1,1,18,31,4,100.0,High,1
550,Headwear Brand 290,info290@headwear290.example.com,https://headwear290.example.com,headwear,https://headwear290.example.com/contact,1,1,1,1,18,31,4,100.0,High,1
551,Bags Brand 291,info291@bags291.example.com,https://bags291.example.com,bags,https://bags291.example.com/contact,0,1,1,1,14,27,0,0.0,Low,0
552,Sportswear Brand 292,info292@sportswear292.example.com,https://sportswear292.example.com,sportswear,https://sportswear292.example.com/contact,0,1,1,1,20,33,8,0.0,Low,0
553,Sportswear Brand 293,info293@sportswear293.example.com,https://sportswear293.example.com,sportswear,https://sportswear293.example.com/contact,0,1,1,1,20,33,8,0.0,Low,0
554,Fashion Brand 294,info294@fashion294.example.com,https://fashion294.example.com,fashion,https://fashion294.example.com/contact,1,1,1,1,17,30,3,100.0,High,1
555,Bags Brand 295,info295@bags295.example.com,https://bags295.example.com,bags,https://bags295.example.com/contact,0,1,1,1,14,27,0,0.0,Low,0
556,Jewellery Brand 296,info296@jewellery296.example.com,https://jewellery296.example.com,jewellery,https://jewellery296.example.com/contact,0,1,1,1,19,32,5,0.0,Low,0
557,Sportswear Brand 297,info297@sportswear297.example.com,https://sportswear297.example.com,sportswear,https://sportswear297.example.com/contact,0,1,1,1,20,33,8,0.0,Low,0
558,Sportswear Brand 298,info298@sportswear298.example.com,https://sportswear298.example.com,sportswear,https://sportswear298.example.com/contact,0,1,1,1,20,33,8,0.0,Low,0
559,Jewellery Brand 299,info299@jewellery299.example.com,https://jewellery299.example.com,jewellery,https://jewellery299.example.com/contact,0,1,1,1,19,32,5,0.0,Low,0
560,Sportswear Brand 300,info300@sportswear300.example.com,https://sportswear300.example.com,sportswear,https://sportswear300.example.com/contact,0,1,1,1,20,33,8,0.0,Low,0
561,Fashion Brand 301,info301@fashion301.example.com,https://fashion301.example.com,fashion,https://fashion301.example.com/contact,1,1,1,1,17,30,3,100.0,High,1
562,Bags Brand 302,info302@bags302.example.com,https://bags302.example.com,bags,https://bags302.example.com/contact,0,1,1,1,14,27,0,0.0,Low,0
563,Skincare Brand 303,info303@skincare303.example.com,https://skincare303.example.com,skincare,https://skincare303.example.com/contact,0,1,1,1,18,31,7,0.0,Low,0
564,Skincare Brand 304,info304@skincare304.example.com,https://skincare304.example.com,skincare,https://skincare304.example.com/contact,0,1,1,1,18,31,7,0.0,Low,0
565,Beauty Brand 305,info305@beauty305.example.com,https://beauty305.example.com,beauty,https://beauty305.example.com/contact,0,1,1,1,16,29,1,0.0,Low,0
566,Sportswear Brand 306,info306@sportswear306.example.com,https://sportswear306.example.com,sportswear,https://sportswear306.example.com/contact,0,1,1,1,20,33,8,0.0,Low,0
567,Beauty Brand 307,info307@beauty307.example.com,https://beauty307.example.com,beauty,https://beauty307.example.com/contact,0,1,1,1,16,29,1,0.0,Low,0
568,Beauty Brand 308,info308@beauty308.example.com,https://beauty308.example.com,beauty,https://beauty308.example.com/contact,0,1,1,1,16,29,1,0.0,Low,0
569,Headwear Brand 309,info309@headwear309.example.com,https://headwear309.example.com,headwear,https://headwear309.example.com/contact,1,1,1,1,18,31,4,100.0,High,1
570,Headwear Brand 310,info310@headwear310.example.com,https://headwear310.example.com,headwear,https://headwear310.example.com/contact,1,1,1,1,18,31,4,100.0,High,1
571,Headwear Brand 311,info311@headwear311.example.com,https://headwear311.example.com,headwear,https://headwear311.example.com/contact,1,1,1,1,18,31,4,100.0,High,1
572,Beauty Brand 312,info312@beauty312.example.com,https://beauty312.example.com,beauty,https://beauty312.example.com/contact,0,1,1,1,16,29,1,0.0,Low,0
573,Headwear Brand 313,info313@headwear313.example.com,https://headwear313.example.com,headwear,https://headwear313.example.com/contact,1,1,1,1,18,31,4,100.0,High,1
574,Skincare Brand 314,info314@skincare314.example.com,https://skincare314.example.com,skincare,https://skincare314.example.com/contact,0,1,1,1,18,31,7,0.0,Low,0
575,Bags Brand 315,info315@bags315.example.com,https://bags315.example.com,bags,https://bags315.example.com/contact,0,1,1,1,14,27,0,0.0,Low,0
576,Fashion Brand 316,info316@fashion316.example.com,https://fashion316.example.com,fashion,https://fashion316.example.com/contact,1,1,1,1,17,30,3,100.0,High,1
577,Headwear Brand 317,info317@headwear317.example.com,https://headwear317.example.com,headwear,https://headwear317.example.com/contact,1,1,1,1,18,31,4,100.0,High,1
578,Beauty Brand 318,info318@beauty318.example.com,https://beauty318.example.com,beauty,https://beauty318.example.com/contact,0,1,1,1,16,29,1,0.0,Low,0
579,Bags Brand 319,info319@bags319.example.com,https://bags319.example.com,bags,https://bags319.example.com/contact,0,1,1,1,14,27,0,0.0,Low,0
580,Skincare Brand 320,info320@skincare320.example.com,https://skincare320.example.com,skincare,https://skincare320.example.com/contact,0,1,1,1,18,31,7,0.0,Low,0
581,Clothing Brand 321,info321@clothing321.example.com,https://clothing321.example.com,clothing,https://clothing321.example.com/contact,1,1,1,1,18,31,2,100.0,High,1
582,Beauty Brand 322,info322@beauty322.example.com,https://beauty322.example.com,beauty,https://beauty322.example.com/contact,0,1,1,1,16,29,1,0.0,Low,0
583,Jewellery Brand 323,info323@jewellery323.example.com,https://jewellery323.example.com,jewellery,https://jewellery323.example.com/contact,0,1,1,1,19,32,5,0.0,Low,0
584,Beauty Brand 324,info324@beauty324.example.com,https://beauty324.example.com,beauty,https://beauty324.example.com/contact,0,1,1,1,16,29,1,0.0,Low,0
585,Jewellery Brand 325,info325@jewellery325.example.com,https://jewellery325.example.com,jewellery,https://jewellery325.example.com/contact,0,1,1,1,19,32,5,0.0,Low,0
586,Fashion Brand 326,info326@fashion326.example.com,https://fashion326.example.com,fashion,https://fashion326.example.com/contact,1,1,1,1,17,30,3,100.0,High,1
587,Bags Brand 327,info327@bags327.example.com,https://bags327.example.com,bags,https://bags327.example.com/contact,0,1,1,1,14,27,0,0.0,Low,0
588,Headwear Brand 328,info328@headwear328.example.com,https://headwear328.example.com,headwear,https://headwear328.example.com/contact,1,1,1,1,18,31,4,100.0,High,1
589,Shoes Brand 329,info329@shoes329.example.com,https://shoes329.example.com,shoes,https://shoes329.example.com/contact,0,1,1,1,15,28,6,0.0,Low,0
590,Clothing Brand 330,info330@clothing330.example.com,https://clothing330.example.com,clothing,https://clothing330.example.com/contact,1,1,1,1,18,31,2,100.0,High,1
591,Clothing Brand 331,info331@clothing331.example.com,https://clothing331.example.com,clothing,https://clothing331.example.com/contact,1,1,1,1,18,31,2,100.0,High,1
592,Fashion Brand 332,info332@fashion332.example.com,https://fashion332.example.com,fashion,https://fashion332.example.com/contact,1,1,1,1,17,30,3,100.0,High,1
593,Fashion Brand 333,info333@fashion333.example.com,https://fashion333.example.com,fashion,https://fashion333.example.com/contact,1,1,1,1,17,30,3,100.0,High,1
594,Bags Brand 334,info334@bags334.example.com,https://bags334.example.com,bags,https://bags334.example.com/contact,0,1,1,1,14,27,0,0.0,Low,0
595,Fashion Brand 335,info335@fashion335.example.com,https://fashion335.example.com,fashion,https://fashion335.example.com/contact,1,1,1,1,17,30,3,100.0,High,1
596,Shoes Brand 336,info336@shoes336.example.com,https://shoes336.example.com,shoes,https://shoes336.example.com/contact,0,1,1,1,15,28,6,0.0,Low,0
597,Fashion Brand 337,info337@fashion337.example.com,https://fashion337.example.com,fashion,https://fashion337.example.com/contact,1,1,1,1,17,30,3,100.0,High,1
598,Headwear Brand 338,info338@headwear338.example.com,https://headwear338.example.com,headwear,https://headwear338.example.com/contact,1,1,1,1,18,31,4,100.0,High,1
599,Beauty Brand 339,info339@beauty339.example.com,https://beauty339.example.com,beauty,https://beauty339.example.com/contact,0,1,1,1,16,29,1,0.0,Low,0
600,Headwear Brand 340,info340@headwear340.example.com,https://headwear340.example.com,headwear,https://headwear340.example.com/contact,1,1,1,1,18,31,4,100.0,High,1
601,Shoes Brand 341,info341@shoes341.example.com,https://shoes341.example.com,shoes,https://shoes341.example.com/contact,0,1,1,1,15,28,6,0.0,Low,0
602,Skincare Brand 342,info342@skincare342.example.com,https://skincare342.example.com,skincare,https://skincare342.example.com/contact,0,1,1,1,18,31,7,0.0,Low,0
603,Shoes Brand 343,info343@shoes343.example.com,https://shoes343.example.com,shoes,https://shoes343.example.com/contact,0,1,1,1,15,28,6,0.0,Low,0
604,Bags Brand 344,info344@bags344.example.com,https://bags344.example.com,bags,https://bags344.example.com/contact,0,1,1,1,14,27,0,0.0,Low,0
605,Skincare Brand 345,info345@skincare345.example.com,https://skincare345.example.com,skincare,https://skincare345.example.com/contact,0,1,1,1,18,31,7,0.0,Low,0
606,Headwear Brand 346,info346@headwear346.example.com,https://headwear346.example.com,headwear,https://headwear346.example.com/contact,1,1,1,1,18,31,4,100.0,High,1
607,Sportswear Brand 347,info347@sportswear347.example.com,https://sportswear347.example.com,sportswear,https://sportswear347.example.com/contact,0,1,1,1,20,33,8,0.0,Low,0
608,Jewellery Brand 348,info348@jewellery348.example.com,https://jewellery348.example.com,jewellery,https://jewellery348.example.com/contact,0,1,1,1,19,32,5,0.0,Low,0
609,Skincare Brand 349,info349@skincare349.example.com,https://skincare349.example.com,skincare,https://skincare349.example.com/contact,0,1,1,1,18,31,7,0.0,Low,0
610,Skincare Brand 350,info350@skincare350.example.com,https://skincare350.example.com,skincare,https://skincare350.example.com/contact,0,1,1,1,18,31,7,0.0,Low,0
611,Sportswear Brand 351,info351@sportswear351.example.com,https://sportswear351.example.com,sportswear,https://sportswear351.example.com/contact,0,1,1,1,20,33,8,0.0,Low,0
612,Skincare Brand 352,info352@skincare352.example.com,https://skincare352.example.com,skincare,https://skincare352.example.com/contact,0,1,1,1,18,31,7,0.0,Low,0
613,Bags Brand 353,info353@bags353.example.com,https://bags353.example.com,bags,https://bags353.example.com/contact,0,1,1,1,14,27,0,0.0,Low,0
614,Sportswear Brand 354,info354@sportswear354.example.com,https://sportswear354.example.com,sportswear,https://sportswear354.example.com/contact,0,1,1,1,20,33,8,0.0,Low,0
615,Headwear Brand 355,info355@headwear355.example.com,https://headwear355.example.com,headwear,https://headwear355.example.com/contact,1,1,1,1,18,31,4,100.0,High,1
616,Beauty Brand 356,info356@beauty356.example.com,https://beauty356.example.com,beauty,https://beauty356.example.com/contact,0,1,1,1,16,29,1,0.0,Low,0
617,Skincare Brand 357,info357@skincare357.example.com,https://skincare357.example.com,skincare,https://skincare357.example.com/contact,0,1,1,1,18,31,7,0.0,Low,0
618,Clothing Brand 358,info358@clothing358.example.com,https://clothing358.example.com,clothing,https://clothing358.example.com/contact,1,1,1,1,18,31,2,100.0,High,1
619,Jewellery Brand 359,info359@jewellery359.example.com,https://jewellery359.example.com,jewellery,https://jewellery359.example.com/contact,0,1,1,1,19,32,5,0.0,Low,0
620,Bags Brand 360,info360@bags360.example.com,https://bags360.example.com,bags,https://bags360.example.com/contact,0,1,1,1,14,27,0,0.0,Low,0
621,Headwear Brand 361,info361@headwear361.example.com,https://headwear361.example.com,headwear,https://headwear361.example.com/contact,1,1,1,1,18,31,4,100.0,High,1
622,Beauty Brand 362,info362@beauty362.example.com,https://beauty362.example.com,beauty,https://beauty362.example.com/contact,0,1,1,1,16,29,1,0.0,Low,0
623,Bags Brand 363,info363@bags363.example.com,https://bags363.example.com,bags,https://bags363.example.com/contact,0,1,1,1,14,27,0,0.0,Low,0
624,Fashion Brand 364,info364@fashion364.example.com,https://fashion364.example.com,fashion,https://fashion364.example.com/contact,1,1,1,1,17,30,3,100.0,High,1
625,Shoes Brand 365,info365@shoes365.example.com,https://shoes365.example.com,shoes,https://shoes365.example.com/contact,0,1,1,1,15,28,6,0.0,Low,0
626,Fashion Brand 366,info366@fashion366.example.com,https://fashion366.example.com,fashion,https://fashion366.example.com/contact,1,1,1,1,17,30,3,100.0,High,1
627,Shoes Brand 367,info367@shoes367.example.com,https://shoes367.example.com,shoes,https://shoes367.example.com/contact,0,1,1,1,15,28,6,0.0,Low,0
628,Bags Brand 368,info368@bags368.example.com,https://bags368.example.com,bags,https://bags368.example.com/contact,0,1,1,1,14,27,0,0.0,Low,0
629,Jewellery Brand 369,info369@jewellery369.example.com,https://jewellery369.example.com,jewellery,https://jewellery369.example.com/contact,0,1,1,1,19,32,5,0.0,Low,0
630,Sportswear Brand 370,info370@sportswear370.example.com,https://sportswear370.example.com,sportswear,https://sportswear370.example.com/contact,0,1,1,1,20,33,8,0.0,Low,0
631,Clothing Brand 371,info371@clothing371.example.com,https://clothing371.example.com,clothing,https://clothing371.example.com/contact,1,1,1,1,18,31,2,100.0,High,1
632,Headwear Brand 372,info372@headwear372.example.com,https://headwear372.example.com,headwear,https://headwear372.example.com/contact,1,1,1,1,18,31,4,100.0,High,1
633,Jewellery Brand 373,info373@jewellery373.example.com,https://jewellery373.example.com,jewellery,https://jewellery373.example.com/contact,0,1,1,1,19,32,5,0.0,Low,0
634,Headwear Brand 374,info374@headwear374.example.com,https://headwear374.example.com,headwear,https://headwear374.example.com/contact,1,1,1,1,18,31,4,100.0,High,1
635,Shoes Brand 375,info375@shoes375.example.com,https://shoes375.example.com,shoes,https://shoes375.example.com/contact,0,1,1,1,15,28,6,0.0,Low,0
636,Shoes Brand 376,info376@shoes376.example.com,https://shoes376.example.com,shoes,https://shoes376.example.com/contact,0,1,1,1,15,28,6,0.0,Low,0
637,Beauty Brand 377,info377@beauty377.example.com,https://beauty377.example.com,beauty,https://beauty377.example.com/contact,0,1,1,1,16,29,1,0.0,Low,0
638,Beauty Brand 378,info378@beauty378.example.com,https://beauty378.example.com,beauty,https://beauty378.example.com/contact,0,1,1,1,16,29,1,0.0,Low,0
639,Jewellery Brand 379,info379@jewellery379.example.com,https://jewellery379.example.com,jewellery,https://jewellery379.example.com/contact,0,1,1,1,19,32,5,0.0,Low,0
640,Bags Brand 380,info380@bags380.example.com,https://bags380.example.com,bags,https://bags380.example.com/contact,0,1,1,1,14,27,0,0.0,Low,0
641,Skincare Brand 381,info381@skincare381.example.com,https://skincare381.example.com,skincare,https://skincare381.example.com/contact,0,1,1,1,18,31,7,0.0,Low,0
642,Shoes Brand 382,info382@shoes382.example.com,https://shoes382.example.com,shoes,https://shoes382.example.com/contact,0,1,1,1,15,28,6,0.0,Low,0
643,Jewellery Brand 383,info383@jewellery383.example.com,https://jewellery383.example.com,jewellery,https://jewellery383.example.com/contact,0,1,1,1,19,32,5,0.0,Low,0
644,Shoes Brand 384,info384@shoes384.example.com,https://shoes384.example.com,shoes,https://shoes384.example.com/contact,0,1,1,1,15,28,6,0.0,Low,0
645,Beauty Brand 385,info385@beauty385.example.com,https://beauty385.example.com,beauty,https://beauty385.example.com/contact,0,1,1,1,16,29,1,0.0,Low,0
646,Clothing Brand 386,info386@clothing386.example.com,https://clothing386.example.com,clothing,https://clothing386.example.com/contact,1,1,1,1,18,31,2,100.0,High,1
647,Jewellery Brand 387,info387@jewellery387.example.com,https://jewellery387.example.com,jewellery,https://jewellery387.example.com/contact,0,1,1,1,19,32,5,0.0,Low,0
648,Jewellery Brand 388,info388@jewellery388.example.com,https://jewellery388.example.com,jewellery,https://jewellery388.example.com/contact,0,1,1,1,19,32,5,0.0,Low,0
649,Headwear Brand 389,info389@headwear389.example.com,https://headwear389.example.com,headwear,https://headwear389.example.com/contact,1,1,1,1,18,31,4,100.0,High,1
650,Fashion Brand 390,info390@fashion390.example.com,https://fashion390.example.com,fashion,https://fashion390.example.com/contact,1,1,1,1,17,30,3,100.0,High,1
651,Bags Brand 391,info391@bags391.example.com,https://bags391.example.com,bags,https://bags391.example.com/contact,0,1,1,1,14,27,0,0.0,Low,0
652,Bags Brand 392,info392@bags392.example.com,https://bags392.example.com,bags,https://bags392.example.com/contact,0,1,1,1,14,27,0,0.0,Low,0
653,Jewellery Brand 393,info393@jewellery393.example.com,https://jewellery393.example.com,jewellery,https://jewellery393.example.com/contact,0,1,1,1,19,32,5,0.0,Low,0
654,Clothing Brand 394,info394@clothing394.example.com,https://clothing394.example.com,clothing,https://clothing394.example.com/contact,1,1,1,1,18,31,2,100.0,High,1
655,Fashion Brand 395,info395@fashion395.example.com,https://fashion395.example.com,fashion,https://fashion395.example.com/contact,1,1,1,1,17,30,3,100.0,High,1
656,Sportswear Brand 396,info396@sportswear396.example.com,https://sportswear396.example.com,sportswear,https://sportswear396.example.com/contact,0,1,1,1,20,33,8,0.0,Low,0
657,Sportswear Brand 397,info397@sportswear397.example.com,https://sportswear397.example.com,sportswear,https://sportswear397.example.com/contact,0,1,1,1,20,33,8,0.0,Low,0
658,Jewellery Brand 398,info398@jewellery398.example.com,https://jewellery398.example.com,jewellery,https://jewellery398.example.com/contact,0,1,1,1,19,32,5,0.0,Low,0
659,Bags Brand 399,info399@bags399.example.com,https://bags399.example.com,bags,https://bags399.example.com/contact,0,1,1,1,14,27,0,0.0,Low,0
660,Fashion Brand 400,info400@fashion400.example.com,https://fashion400.example.com,fashion,https://fashion400.example.com/contact,1,1,1,1,17,30,3,100.0,High,1
661,Headwear Brand 401,info401@headwear401.example.com,https://headwear401.example.com,headwear,https://headwear401.example.com/contact,1,1,1,1,18,31,4,100.0,High,1
662,Headwear Brand 402,info402@headwear402.example.com,https://headwear402.example.com,headwear,https://headwear402.example.com/contact,1,1,1,1,18,31,4,100.0,High,1
663,Bags Brand 403,info403@bags403.example.com,https://bags403.example.com,bags,https://bags403.example.com/contact,0,1,1,1,14,27,0,0.0,Low,0
664,Clothing Brand 404,info404@clothing404.example.com,https://clothing404.example.com,clothing,https://clothing404.example.com/contact,1,1,1,1,18,31,2,100.0,High,1
665,Jewellery Brand 405,info405@jewellery405.example.com,https://jewellery405.example.com,jewellery,https://jewellery405.example.com/contact,0,1,1,1,19,32,5,0.0,Low,0
666,Headwear Brand 406,info406@headwear406.example.com,https://headwear406.example.com,headwear,https://headwear406.example.com/contact,1,1,1,1,18,31,4,100.0,High,1
667,Headwear Brand 407,info407@headwear407.example.com,https://headwear407.example.com,headwear,https://headwear407.example.com/contact,1,1,1,1,18,31,4,100.0,High,1
668,Fashion Brand 408,info408@fashion408.example.com,https://fashion408.example.com,fashion,https://fashion408.example.com/contact,1,1,1,1,17,30,3,100.0,High,1
669,Fashion Brand 409,info409@fashion409.example.com,https://fashion409.example.com,fashion,https://fashion409.example.com/contact,1,1,1,1,17,30,3,100.0,High,1
670,Fashion Brand 410,info410@fashion410.example.com,https://fashion410.example.com,fashion,https://fashion410.example.com/contact,1,1,1,1,17,30,3,100.0,High,1
671,Jewellery Brand 411,info411@jewellery411.example.com,https://jewellery411.example.com,jewellery,https://jewellery411.example.com/contact,0,1,1,1,19,32,5,0.0,Low,0
672,Skincare Brand 412,info412@skincare412.example.com,https://skincare412.example.com,skincare,https://skincare412.example.com/contact,0,1,1,1,18,31,7,0.0,Low,0
673,Shoes Brand 413,info413@shoes413.example.com,https://shoes413.example.com,shoes,https://shoes413.example.com/contact,0,1,1,1,15,28,6,0.0,Low,0
674,Jewellery Brand 414,info414@jewellery414.example.com,https://jewellery414.example.com,jewellery,https://jewellery414.example.com/contact,0,1,1,1,19,32,5,0.0,Low,0
675,Sportswear Brand 415,info415@sportswear415.example.com,https://sportswear415.example.com,sportswear,https://sportswear415.example.com/contact,0,1,1,1,20,33,8,0.0,Low,0
676,Skincare Brand 416,info416@skincare416.example.com,https://skincare416.example.com,skincare,https://skincare416.example.com/contact,0,1,1,1,18,31,7,0.0,Low,0
677,Jewellery Brand 417,info417@jewellery417.example.com,https://jewellery417.example.com,jewellery,https://jewellery417.example.com/contact,0,1,1,1,19,32,5,0.0,Low,0
678,Jewellery Brand 418,info418@jewellery418.example.com,https://jewellery418.example.com,jewellery,https://jewellery418.example.com/contact,0,1,1,1,19,32,5,0.0,Low,0
679,Clothing Brand 419,info419@clothing419.example.com,https://clothing419.example.com,clothing,https://clothing419.example.com/contact,1,1,1,1,18,31,2,100.0,High,1
680,Sportswear Brand 420,info420@sportswear420.example.com,https://sportswear420.example.com,sportswear,https://sportswear420.example.com/contact,0,1,1,1,20,33,8,0.0,Low,0
681,Clothing Brand 421,info421@clothing421.example.com,https://clothing421.example.com,clothing,https://clothing421.example.com/contact,1,1,1,1,18,31,2,100.0,High,1
682,Shoes Brand 422,info422@shoes422.example.com,https://shoes422.example.com,shoes,https://shoes422.example.com/contact,0,1,1,1,15,28,6,0.0,Low,0
683,Bags Brand 423,info423@bags423.example.com,https://bags423.example.com,bags,https://bags423.example.com/contact,0,1,1,1,14,27,0,0.0,Low,0
684,Clothing Brand 424,info424@clothing424.example.com,https://clothing424.example.com,clothing,https://clothing424.example.com/contact,1,1,1,1,18,31,2,100.0,High,1
685,Shoes Brand 425,info425@shoes425.example.com,https://shoes425.example.com,shoes,https://shoes425.example.com/contact,0,1,1,1,15,28,6,0.0,Low,0
686,Bags Brand 426,info426@bags426.example.com,https://bags426.example.com,bags,https://bags426.example.com/contact,0,1,1,1,14,27,0,0.0,Low,0
687,Bags Brand 427,info427@bags427.example.com,https://bags427.example.com,bags,https://bags427.example.com/contact,0,1,1,1,14,27,0,0.0,Low,0
688,Shoes Brand 428,info428@shoes428.example.com,https://shoes428.example.com,shoes,https://shoes428.example.com/contact,0,1,1,1,15,28,6,0.0,Low,0
689,Bags Brand 429,info429@bags429.example.com,https://bags429.example.com,bags,https://bags429.example.com/contact,0,1,1,1,14,27,0,0.0,Low,0
690,Headwear Brand 430,info430@headwear430.example.com,https://headwear430.example.com,headwear,https://headwear430.example.com/contact,1,1,1,1,18,31,4,100.0,High,1
691,Sportswear Brand 431,info431@sportswear431.example.com,https://sportswear431.example.com,sportswear,https://sportswear431.example.com/contact,0,1,1,1,20,33,8,0.0,Low,0
692,Shoes Brand 432,info432@shoes432.example.com,https://shoes432.example.com,shoes,https://shoes432.example.com/contact,0,1,1,1,15,28,6,0.0,Low,0
693,Sportswear Brand 433,info433@sportswear433.example.com,https://sportswear433.example.com,sportswear,https://sportswear433.example.com/contact,0,1,1,1,20,33,8,0.0,Low,0
694,Jewellery Brand 434,info434@jewellery434.example.com,https://jewellery434.example.com,jewellery,https://jewellery434.example.com/contact,0,1,1,1,19,32,5,0.0,Low,0
695,Bags Brand 435,info435@bags435.example.com,https://bags435.example.com,bags,https://bags435.example.com/contact,0,1,1,1,14,27,0,0.0,Low,0
696,Shoes Brand 436,info436@shoes436.example.com,https://shoes436.example.com,shoes,https://shoes436.example.com/contact,0,1,1,1,15,28,6,0.0,Low,0
697,Fashion Brand 437,info437@fashion437.example.com,https://fashion437.example.com,fashion,https://fashion437.example.com/contact,1,1,1,1,17,30,3,100.0,High,1
698,Bags Brand 438,info438@bags438.example.com,https://bags438.example.com,bags,https://bags438.example.com/contact,0,1,1,1,14,27,0,0.0,Low,0
699,Skincare Brand 439,info439@skincare439.example.com,https://skincare439.example.com,skincare,https://skincare439.example.com/contact,0,1,1,1,18,31,7,0.0,Low,0
700,Skincare Brand 440,info440@skincare440.example.com,https://skincare440.example.com,skincare,https://skincare440.example.com/contact,0,1,1,1,18,31,7,0.0,Low,0
701,Jewellery Brand 441,info441@jewellery441.example.com,https://jewellery441.example.com,jewellery,https://jewellery441.example.com/contact,0,1,1,1,19,32,5,0.0,Low,0
702,Fashion Brand 442,info442@fashion442.example.com,https://fashion442.example.com,fashion,https://fashion442.example.com/contact,1,1,1,1,17,30,3,100.0,High,1
703,Shoes Brand 443,info443@shoes443.example.com,https://shoes443.example.com,shoes,https://shoes443.example.com/contact,0,1,1,1,15,28,6,0.0,Low,0
704,Beauty Brand 444,info444@beauty444.example.com,https://beauty444.example.com,beauty,https://beauty444.example.com/contact,0,1,1,1,16,29,1,0.0,Low,0
705,Sportswear Brand 445,info445@sportswear445.example.com,https://sportswear445.example.com,sportswear,https://sportswear445.example.com/contact,0,1,1,1,20,33,8,0.0,Low,0
706,Fashion Brand 446,info446@fashion446.example.com,https://fashion446.example.com,fashion,https://fashion446.example.com/contact,1,1,1,1,17,30,3,100.0,High,1
707,Headwear Brand 447,info447@headwear447.example.com,https://headwear447.example.com,headwear,https://headwear447.example.com/contact,1,1,1,1,18,31,4,100.0,High,1
708,Headwear Brand 448,info448@headwear448.example.com,https://headwear448.example.com,headwear,https://headwear448.example.com/contact,1,1,1,1,18,31,4,100.0,High,1
709,Bags Brand 449,info449@bags449.example.com,https://bags449.example.com,bags,https://bags449.example.com/contact,0,1,1,1,14,27,0,0.0,Low,0
710,Skincare Brand 450,info450@skincare450.example.com,https://skincare450.example.com,skincare,https://skincare450.example.com/contact,0,1,1,1,18,31,7,0.0,Low,0
711,Sportswear Brand 451,info451@sportswear451.example.com,https://sportswear451.example.com,sportswear,https://sportswear451.example.com/contact,0,1,1,1,20,33,8,0.0,Low,0
712,Jewellery Brand 452,info452@jewellery452.example.com,https://jewellery452.example.com,jewellery,https://jewellery452.example.com/contact,0,1,1,1,19,32,5,0.0,Low,0
713,Bags Brand 453,info453@bags453.example.com,https://bags453.example.com,bags,https://bags453.example.com/contact,0,1,1,1,14,27,0,0.0,Low,0
714,Bags Brand 454,info454@bags454.example.com,https://bags454.example.com,bags,https://bags454.example.com/contact,0,1,1,1,14,27,0,0.0,Low,0
715,Skincare Brand 455,info455@skincare455.example.com,https://skincare455.example.com,skincare,https://skincare455.example.com/contact,0,1,1,1,18,31,7,0.0,Low,0
716,Beauty Brand 456,info456@beauty456.example.com,https://beauty456.example.com,beauty,https://beauty456.example.com/contact,0,1,1,1,16,29,1,0.0,Low,0
717,Jewellery Brand 457,info457@jewellery457.example.com,https://jewellery457.example.com,jewellery,https://jewellery457.example.com/contact,0,1,1,1,19,32,5,0.0,Low,0
718,Jewellery Brand 458,info458@jewellery458.example.com,https://jewellery458.example.com,jewellery,https://jewellery458.example.com/contact,0,1,1,1,19,32,5,0.0,Low,0
719,Skincare Brand 459,info459@skincare459.example.com,https://skincare459.example.com,skincare,https://skincare459.example.com/contact,0,1,1,1,18,31,7,0.0,Low,0
720,Beauty Brand 460,info460@beauty460.example.com,https://beauty460.example.com,beauty,https://beauty460.example.com/contact,0,1,1,1,16,29,1,0.0,Low,0
721,Fashion Brand 461,info461@fashion461.example.com,https://fashion461.example.com,fashion,https://fashion461.example.com/contact,1,1,1,1,17,30,3,100.0,High,1
722,Jewellery Brand 462,info462@jewellery462.example.com,https://jewellery462.example.com,jewellery,https://jewellery462.example.com/contact,0,1,1,1,19,32,5,0.0,Low,0
723,Fashion Brand 463,info463@fashion463.example.com,https://fashion463.example.com,fashion,https://fashion463.example.com/contact,1,1,1,1,17,30,3,100.0,High,1
724,Bags Brand 464,info464@bags464.example.com,https://bags464.example.com,bags,https://bags464.example.com/contact,0,1,1,1,14,27,0,0.0,Low,0
725,Bags Brand 465,info465@bags465.example.com,https://bags465.example.com,bags,https://bags465.example.com/contact,0,1,1,1,14,27,0,0.0,Low,0
726,Skincare Brand 466,info466@skincare466.example.com,https://skincare466.example.com,skincare,https://skincare466.example.com/contact,0,1,1,1,18,31,7,0.0,Low,0
727,Beauty Brand 467,info467@beauty467.example.com,https://beauty467.example.com,beauty,https://beauty467.example.com/contact,0,1,1,1,16,29,1,0.0,Low,0
728,Jewellery Brand 468,info468@jewellery468.example.com,https://jewellery468.example.com,jewellery,https://jewellery468.example.com/contact,0,1,1,1,19,32,5,0.0,Low,0
729,Bags Brand 469,info469@bags469.example.com,https://bags469.example.com,bags,https://bags469.example.com/contact,0,1,1,1,14,27,0,0.0,Low,0
730,Clothing Brand 470,info470@clothing470.example.com,https://clothing470.example.com,clothing,https://clothing470.example.com/contact,1,1,1,1,18,31,2,100.0,High,1
731,Shoes Brand 471,info471@shoes471.example.com,https://shoes471.example.com,shoes,https://shoes471.example.com/contact,0,1,1,1,15,28,6,0.0,Low,0
732,Headwear Brand 472,info472@headwear472.example.com,https://headwear472.example.com,headwear,https://headwear472.example.com/contact,1,1,1,1,18,31,4,100.0,High,1
733,Clothing Brand 473,info473@clothing473.example.com,https://clothing473.example.com,clothing,https://clothing473.example.com/contact,1,1,1,1,18,31,2,100.0,High,1
734,Bags Brand 474,info474@bags474.example.com,https://bags474.example.com,bags,https://bags474.example.com/contact,0,1,1,1,14,27,0,0.0,Low,0
735,Shoes Brand 475,info475@shoes475.example.com,https://shoes475.example.com,shoes,https://shoes475.example.com/contact,0,1,1,1,15,28,6,0.0,Low,0
736,Beauty Brand 476,info476@beauty476.example.com,https://beauty476.example.com,beauty,https://beauty476.example.com/contact,0,1,1,1,16,29,1,0.0,Low,0
737,Clothing Brand 477,info477@clothing477.example.com,https://clothing477.example.com,clothing,https://clothing477.example.com/contact,1,1,1,1,18,31,2,100.0,High,1
738,Fashion Brand 478,info478@fashion478.example.com,https://fashion478.example.com,fashion,https://fashion478.example.com/contact,1,1,1,1,17,30,3,100.0,High,1
739,Beauty Brand 479,info479@beauty479.example.com,https://beauty479.example.com,beauty,https://beauty479.example.com/contact,0,1,1,1,16,29,1,0.0,Low,0
740,Skincare Brand 480,info480@skincare480.example.com,https://skincare480.example.com,skincare,https://skincare480.example.com/contact,0,1,1,1,18,31,7,0.0,Low,0
741,Skincare Brand 481,info481@skincare481.example.com,https://skincare481.example.com,skincare,https://skincare481.example.com/contact,0,1,1,1,18,31,7,0.0,Low,0
742,Clothing Brand 482,info482@clothing482.example.com,https://clothing482.example.com,clothing,https://clothing482.example.com/contact,1,1,1,1,18,31,2,100.0,High,1
743,Shoes Brand 483,info483@shoes483.example.com,https://shoes483.example.com,shoes,https://shoes483.example.com/contact,0,1,1,1,15,28,6,0.0,Low,0
744,Clothing Brand 484,info484@clothing484.example.com,https://clothing484.example.com,clothing,https://clothing484.example.com/contact,1,1,1,1,18,31,2,100.0,High,1
745,Clothing Brand 485,info485@clothing485.example.com,https://clothing485.example.com,clothing,https://clothing485.example.com/contact,1,1,1,1,18,31,2,100.0,High,1
746,Skincare Brand 486,info486@skincare486.example.com,https://skincare486.example.com,skincare,https://skincare486.example.com/contact,0,1,1,1,18,31,7,0.0,Low,0
747,Clothing Brand 487,info487@clothing487.example.com,https://clothing487.example.com,clothing,https://clothing487.example.com/contact,1,1,1,1,18,31,2,100.0,High,1
748,Sportswear Brand 488,info488@sportswear488.example.com,https://sportswear488.example.com,sportswear,https://sportswear488.example.com/contact,0,1,1,1,20,33,8,0.0,Low,0
749,Shoes Brand 489,info489@shoes489.example.com,https://shoes489.example.com,shoes,https://shoes489.example.com/contact,0,1,1,1,15,28,6,0.0,Low,0
750,Beauty Brand 490,info490@beauty490.example.com,https://beauty490.example.com,beauty,https://beauty490.example.com/contact,0,1,1,1,16,29,1,0.0,Low,0
751,Beauty Brand 491,info491@beauty491.example.com,https://beauty491.example.com,beauty,https://beauty491.example.com/contact,0,1,1,1,16,29,1,0.0,Low,0
752,Jewellery Brand 492,info492@jewellery492.example.com,https://jewellery492.example.com,jewellery,https://jewellery492.example.com/contact,0,1,1,1,19,32,5,0.0,Low,0
753,Fashion Brand 493,info493@fashion493.example.com,https://fashion493.example.com,fashion,https://fashion493.example.com/contact,1,1,1,1,17,30,3,100.0,High,1
754,Shoes Brand 494,info494@shoes494.example.com,https://shoes494.example.com,shoes,https://shoes494.example.com/contact,0,1,1,1,15,28,6,0.0,Low,0
755,Headwear Brand 495,info495@headwear495.example.com,https://headwear495.example.com,headwear,https://headwear495.example.com/contact,1,1,1,1,18,31,4,100.0,High,1
756,Clothing Brand 496,info496@clothing496.example.com,https://clothing496.example.com,clothing,https://clothing496.example.com/contact,1,1,1,1,18,31,2,100.0,High,1
757,Skincare Brand 497,info497@skincare497.example.com,https://skincare497.example.com,skincare,https://skincare497.example.com/contact,0,1,1,1,18,31,7,0.0,Low,0
758,Fashion Brand 498,info498@fashion498.example.com,https://fashion498.example.com,fashion,https://fashion498.example.com/contact,1,1,1,1,17,30,3,100.0,High,1
759,Beauty Brand 499,info499@beauty499.example.com,https://beauty499.example.com,beauty,https://beauty499.example.com/contact,0,1,1,1,16,29,1,0.0,Low,0
760,Jewellery Brand 500,info500@jewellery500.example.com,https://jewellery500.example.com,jewellery,https://jewellery500.example.com/contact,0,1,1,1,19,32,5,0.0,Low,0
761,Jewellery Brand 501,info501@jewellery501.example.com,https://jewellery501.example.com,jewellery,https://jewellery501.example.com/contact,0,1,1,1,19,32,5,0.0,Low,0
762,Fashion Brand 502,info502@fashion502.example.com,https://fashion502.example.com,fashion,https://fashion502.example.com/contact,1,1,1,1,17,30,3,100.0,High,1
763,Headwear Brand 503,info503@headwear503.example.com,https://headwear503.example.com,headwear,https://headwear503.example.com/contact,1,1,1,1,18,31,4,100.0,High,1
764,Fashion Brand 504,info504@fashion504.example.com,https://fashion504.example.com,fashion,https://fashion504.example.com/contact,1,1,1,1,17,30,3,100.0,High,1
765,Jewellery Brand 505,info505@jewellery505.example.com,https://jewellery505.example.com,jewellery,https://jewellery505.example.com/contact,0,1,1,1,19,32,5,0.0,Low,0
766,Sportswear Brand 506,info506@sportswear506.example.com,https://sportswear506.example.com,sportswear,https://sportswear506.example.com/contact,0,1,1,1,20,33,8,0.0,Low,0
767,Beauty Brand 507,info507@beauty507.example.com,https://beauty507.example.com,beauty,https://beauty507.example.com/contact,0,1,1,1,16,29,1,0.0,Low,0
768,Beauty Brand 508,info508@beauty508.example.com,https://beauty508.example.com,beauty,https://beauty508.example.com/contact,0,1,1,1,16,29,1,0.0,Low,0
769,Fashion Brand 509,info509@fashion509.example.com,https://fashion509.example.com,fashion,https://fashion509.example.com/contact,1,1,1,1,17,30,3,100.0,High,1
770,Sportswear Brand 510,info510@sportswear510.example.com,https://sportswear510.example.com,sportswear,https://sportswear510.example.com/contact,0,1,1,1,20,33,8,0.0,Low,0
771,Jewellery Brand 511,info511@jewellery511.example.com,https://jewellery511.example.com,jewellery,https://jewellery511.example.com/contact,0,1,1,1,19,32,5,0.0,Low,0
772,Beauty Brand 512,info512@beauty512.example.com,https://beauty512.example.com,beauty,https://beauty512.example.com/contact,0,1,1,1,16,29,1,0.0,Low,0
773,Fashion Brand 513,info513@fashion513.example.com,https://fashion513.example.com,fashion,https://fashion513.example.com/contact,1,1,1,1,17,30,3,100.0,High,1
774,Skincare Brand 514,info514@skincare514.example.com,https://skincare514.example.com,skincare,https://skincare514.example.com/contact,0,1,1,1,18,31,7,0.0,Low,0
775,Headwear Brand 515,info515@headwear515.example.com,https://headwear515.example.com,headwear,https://headwear515.example.com/contact,1,1,1,1,18,31,4,100.0,High,1
776,Sportswear Brand 516,info516@sportswear516.example.com,https://sportswear516.example.com,sportswear,https://sportswear516.example.com/contact,0,1,1,1,20,33,8,0.0,Low,0
777,Shoes Brand 517,info517@shoes517.example.com,https://shoes517.example.com,shoes,https://shoes517.example.com/contact,0,1,1,1,15,28,6,0.0,Low,0
778,Beauty Brand 518,info518@beauty518.example.com,https://beauty518.example.com,beauty,https://beauty518.example.com/contact,0,1,1,1,16,29,1,0.0,Low,0
779,Sportswear Brand 519,info519@sportswear519.example.com,https://sportswear519.example.com,sportswear,https://sportswear519.example.com/contact,0,1,1,1,20,33,8,0.0,Low,0
780,Beauty Brand 520,info520@beauty520.example.com,https://beauty520.example.com,beauty,https://beauty520.example.com/contact,0,1,1,1,16,29,1,0.0,Low,0
781,Sportswear Brand 521,info521@sportswear521.example.com,https://sportswear521.example.com,sportswear,https://sportswear521.example.com/contact,0,1,1,1,20,33,8,0.0,Low,0
782,Beauty Brand 522,info522@beauty522.example.com,https://beauty522.example.com,beauty,https://beauty522.example.com/contact,0,1,1,1,16,29,1,0.0,Low,0
783,Beauty Brand 523,info523@beauty523.example.com,https://beauty523.example.com,beauty,https://beauty523.example.com/contact,0,1,1,1,16,29,1,0.0,Low,0
784,Fashion Brand 524,info524@fashion524.example.com,https://fashion524.example.com,fashion,https://fashion524.example.com/contact,1,1,1,1,17,30,3,100.0,High,1
785,Bags Brand 525,info525@bags525.example.com,https://bags525.example.com,bags,https://bags525.example.com/contact,0,1,1,1,14,27,0,0.0,Low,0
786,Skincare Brand 526,info526@skincare526.example.com,https://skincare526.example.com,skincare,https://skincare526.example.com/contact,0,1,1,1,18,31,7,0.0,Low,0
787,Beauty Brand 527,info527@beauty527.example.com,https://beauty527.example.com,beauty,https://beauty527.example.com/contact,0,1,1,1,16,29,1,0.0,Low,0
788,Beauty Brand 528,info528@beauty528.example.com,https://beauty528.example.com,beauty,https://beauty528.example.com/contact,0,1,1,1,16,29,1,0.0,Low,0
789,Sportswear Brand 529,info529@sportswear529.example.com,https://sportswear529.example.com,sportswear,https://sportswear529.example.com/contact,0,1,1,1,20,33,8,0.0,Low,0
790,Headwear Brand 530,info530@headwear530.example.com,https://headwear530.example.com,headwear,https://headwear530.example.com/contact,1,1,1,1,18,31,4,100.0,High,1
791,Bags Brand 531,info531@bags531.example.com,https://bags531.example.com,bags,https://bags531.example.com/contact,0,1,1,1,14,27,0,0.0,Low,0
792,Skincare Brand 532,info532@skincare532.example.com,https://skincare532.example.com,skincare,https://skincare532.example.com/contact,0,1,1,1,18,31,7,0.0,Low,0
793,Sportswear Brand 533,info533@sportswear533.example.com,https://sportswear533.example.com,sportswear,https://sportswear533.example.com/contact,0,1,1,1,20,33,8,0.0,Low,0
794,Bags Brand 534,info534@bags534.example.com,https://bags534.example.com,bags,https://bags534.example.com/contact,0,1,1,1,14,27,0,0.0,Low,0
795,Skincare Brand 535,info535@skincare535.example.com,https://skincare535.example.com,skincare,https://skincare535.example.com/contact,0,1,1,1,18,31,7,0.0,Low,0
796,Fashion Brand 536,info536@fashion536.example.com,https://fashion536.example.com,fashion,https://fashion536.example.com/contact,1,1,1,1,17,30,3,100.0,High,1
797,Clothing Brand 537,info537@clothing537.example.com,https://clothing537.example.com,clothing,https://clothing537.example.com/contact,1,1,1,1,18,31,2,100.0,High,1
798,Clothing Brand 538,info538@clothing538.example.com,https://clothing538.example.com,clothing,https://clothing538.example.com/contact,1,1,1,1,18,31,2,100.0,High,1
799,Clothing Brand 539,info539@clothing539.example.com,https://clothing539.example.com,clothing,https://clothing539.example.com/contact,1,1,1,1,18,31,2,100.0,High,1
800,Beauty Brand 540,info540@beauty540.example.com,https://beauty540.example.com,beauty,https://beauty540.example.com/contact,0,1,1,1,16,29,1,0.0,Low,0
801,Headwear Brand 541,info541@headwear541.example.com,https://headwear541.example.com,headwear,https://headwear541.example.com/contact,1,1,1,1,18,31,4,100.0,High,1
802,Headwear Brand 542,info542@headwear542.example.com,https://headwear542.example.com,headwear,https://headwear542.example.com/contact,1,1,1,1,18,31,4,100.0,High,1
803,Jewellery Brand 543,info543@jewellery543.example.com,https://jewellery543.example.com,jewellery,https://jewellery543.example.com/contact,0,1,1,1,19,32,5,0.0,Low,0
804,Clothing Brand 544,info544@clothing544.example.com,https://clothing544.example.com,clothing,https://clothing544.example.com/contact,1,1,1,1,18,31,2,100.0,High,1
805,Bags Brand 545,info545@bags545.example.com,https://bags545.example.com,bags,https://bags545.example.com/contact,0,1,1,1,14,27,0,0.0,Low,0
806,Headwear Brand 546,info546@headwear546.example.com,https://headwear546.example.com,headwear,https://headwear546.example.com/contact,1,1,1,1,18,31,4,100.0,High,1
807,Bags Brand 547,info547@bags547.example.com,https://bags547.example.com,bags,https://bags547.example.com/contact,0,1,1,1,14,27,0,0.0,Low,0
808,Jewellery Brand 548,info548@jewellery548.example.com,https://jewellery548.example.com,jewellery,https://jewellery548.example.com/contact,0,1,1,1,19,32,5,0.0,Low,0
809,Bags Brand 549,info549@bags549.example.com,https://bags549.example.com,bags,https://bags549.example.com/contact,0,1,1,1,14,27,0,0.0,Low,0
810,Beauty Brand 550,info550@beauty550.example.com,https://beauty550.example.com,beauty,https://beauty550.example.com/contact,0,1,1,1,16,29,1,0.0,Low,0
811,Sportswear Brand 551,info551@sportswear551.example.com,https://sportswear551.example.com,sportswear,https://sportswear551.example.com/contact,0,1,1,1,20,33,8,0.0,Low,0
812,Sportswear Brand 552,info552@sportswear552.example.com,https://sportswear552.example.com,sportswear,https://sportswear552.example.com/contact,0,1,1,1,20,33,8,0.0,Low,0
813,Jewellery Brand 553,info553@jewellery553.example.com,https://jewellery553.example.com,jewellery,https://jewellery553.example.com/contact,0,1,1,1,19,32,5,0.0,Low,0
814,Beauty Brand 554,info554@beauty554.example.com,https://beauty554.example.com,beauty,https://beauty554.example.com/contact,0,1,1,1,16,29,1,0.0,Low,0
815,Shoes Brand 555,info555@shoes555.example.com,https://shoes555.example.com,shoes,https://shoes555.example.com/contact,0,1,1,1,15,28,6,0.0,Low,0
816,Sportswear Brand 556,info556@sportswear556.example.com,https://sportswear556.example.com,sportswear,https://sportswear556.example.com/contact,0,1,1,1,20,33,8,0.0,Low,0
817,Fashion Brand 557,info557@fashion557.example.com,https://fashion557.example.com,fashion,https://fashion557.example.com/contact,1,1,1,1,17,30,3,100.0,High,1
818,Skincare Brand 558,info558@skincare558.example.com,https://skincare558.example.com,skincare,https://skincare558.example.com/contact,0,1,1,1,18,31,7,0.0,Low,0
819,Headwear Brand 559,info559@headwear559.example.com,https://headwear559.example.com,headwear,https://headwear559.example.com/contact,1,1,1,1,18,31,4,100.0,High,1
820,Fashion Brand 560,info560@fashion560.example.com,https://fashion560.example.com,fashion,https://fashion560.example.com/contact,1,1,1,1,17,30,3,100.0,High,1
821,Headwear Brand 561,info561@headwear561.example.com,https://headwear561.example.com,headwear,https://headwear561.example.com/contact,1,1,1,1,18,31,4,100.0,High,1
822,Jewellery Brand 562,info562@jewellery562.example.com,https://jewellery562.example.com,jewellery,https://jewellery562.example.com/contact,0,1,1,1,19,32,5,0.0,Low,0
823,Sportswear Brand 563,info563@sportswear563.example.com,https://sportswear563.example.com,sportswear,https://sportswear563.example.com/contact,0,1,1,1,20,33,8,0.0,Low,0
824,Skincare Brand 564,info564@skincare564.example.com,https://skincare564.example.com,skincare,https://skincare564.example.com/contact,0,1,1,1,18,31,7,0.0,Low,0
825,Bags Brand 565,info565@bags565.example.com,https://bags565.example.com,bags,https://bags565.example.com/contact,0,1,1,1,14,27,0,0.0,Low,0
826,Beauty Brand 566,info566@beauty566.example.com,https://beauty566.example.com,beauty,https://beauty566.example.com/contact,0,1,1,1,16,29,1,0.0,Low,0
827,Fashion Brand 567,info567@fashion567.example.com,https://fashion567.example.com,fashion,https://fashion567.example.com/contact,1,1,1,1,17,30,3,100.0,High,1
828,Bags Brand 568,info568@bags568.example.com,https://bags568.example.com,bags,https://bags568.example.com/contact,0,1,1,1,14,27,0,0.0,Low,0
829,Fashion Brand 569,info569@fashion569.example.com,https://fashion569.example.com,fashion,https://fashion569.example.com/contact,1,1,1,1,17,30,3,100.0,High,1
830,Sportswear Brand 570,info570@sportswear570.example.com,https://sportswear570.example.com,sportswear,https://sportswear570.example.com/contact,0,1,1,1,20,33,8,0.0,Low,0
831,Jewellery Brand 571,info571@jewellery571.example.com,https://jewellery571.example.com,jewellery,https://jewellery571.example.com/contact,0,1,1,1,19,32,5,0.0,Low,0
832,Skincare Brand 572,info572@skincare572.example.com,https://skincare572.example.com,skincare,https://skincare572.example.com/contact,0,1,1,1,18,31,7,0.0,Low,0
833,Fashion Brand 573,info573@fashion573.example.com,https://fashion573.example.com,fashion,https://fashion573.example.com/contact,1,1,1,1,17,30,3,100.0,High,1
834,Headwear Brand 574,info574@headwear574.example.com,https://headwear574.example.com,headwear,https://headwear574.example.com/contact,1,1,1,1,18,31,4,100.0,High,1
835,Skincare Brand 575,info575@skincare575.example.com,https://skincare575.example.com,skincare,https://skincare575.example.com/contact,0,1,1,1,18,31,7,0.0,Low,0
836,Fashion Brand 576,info576@fashion576.example.com,https://fashion576.example.com,fashion,https://fashion576.example.com/contact,1,1,1,1,17,30,3,100.0,High,1
837,Shoes Brand 577,info577@shoes577.example.com,https://shoes577.example.com,shoes,https://shoes577.example.com/contact,0,1,1,1,15,28,6,0.0,Low,0
838,Clothing Brand 578,info578@clothing578.example.com,https://clothing578.example.com,clothing,https://clothing578.example.com/contact,1,1,1,1,18,31,2,100.0,High,1
839,Fashion Brand 579,info579@fashion579.example.com,https://fashion579.example.com,fashion,https://fashion579.example.com/contact,1,1,1,1,17,30,3,100.0,High,1
840,Beauty Brand 580,info580@beauty580.example.com,https://beauty580.example.com,beauty,https://beauty580.example.com/contact,0,1,1,1,16,29,1,0.0,Low,0
841,Skincare Brand 581,info581@skincare581.example.com,https://skincare581.example.com,skincare,https://skincare581.example.com/contact,0,1,1,1,18,31,7,0.0,Low,0
842,Shoes Brand 582,info582@shoes582.example.com,https://shoes582.example.com,shoes,https://shoes582.example.com/contact,0,1,1,1,15,28,6,0.0,Low,0
843,Fashion Brand 583,info583@fashion583.example.com,https://fashion583.example.com,fashion,https://fashion583.example.com/contact,1,1,1,1,17,30,3,100.0,High,1
844,Headwear Brand 584,info584@headwear584.example.com,https://headwear584.example.com,headwear,https://headwear584.example.com/contact,1,1,1,1,18,31,4,100.0,High,1
845,Sportswear Brand 585,info585@sportswear585.example.com,https://sportswear585.example.com,sportswear,https://sportswear585.example.com/contact,0,1,1,1,20,33,8,0.0,Low,0
846,Clothing Brand 586,info586@clothing586.example.com,https://clothing586.example.com,clothing,https://clothing586.example.com/contact,1,1,1,1,18,31,2,100.0,High,1
847,Jewellery Brand 587,info587@jewellery587.example.com,https://jewellery587.example.com,jewellery,https://jewellery587.example.com/contact,0,1,1,1,19,32,5,0.0,Low,0
848,Shoes Brand 588,info588@shoes588.example.com,https://shoes588.example.com,shoes,https://shoes588.example.com/contact,0,1,1,1,15,28,6,0.0,Low,0
849,Skincare Brand 589,info589@skincare589.example.com,https://skincare589.example.com,skincare,https://skincare589.example.com/contact,0,1,1,1,18,31,7,0.0,Low,0
850,Jewellery Brand 590,info590@jewellery590.example.com,https://jewellery590.example.com,jewellery,https://jewellery590.example.com/contact,0,1,1,1,19,32,5,0.0,Low,0
851,Clothing Brand 591,info591@clothing591.example.com,https://clothing591.example.com,clothing,https://clothing591.example.com/contact,1,1,1,1,18,31,2,100.0,High,1
852,Jewellery Brand 592,info592@jewellery592.example.com,https://jewellery592.example.com,jewellery,https://jewellery592.example.com/contact,0,1,1,1,19,32,5,0.0,Low,0
853,Clothing Brand 593,info593@clothing593.example.com,https://clothing593.example.com,clothing,https://clothing593.example.com/contact,1,1,1,1,18,31,2,100.0,High,1
854,Skincare Brand 594,info594@skincare594.example.com,https://skincare594.example.com,skincare,https://skincare594.example.com/contact,0,1,1,1,18,31,7,0.0,Low,0
855,Clothing Brand 595,info595@clothing595.example.com,https://clothing595.example.com,clothing,https://clothing595.example.com/contact,1,1,1,1,18,31,2,100.0,High,1
856,Beauty Brand 596,info596@beauty596.example.com,https://beauty596.example.com,beauty,https://beauty596.example.com/contact,0,1,1,1,16,29,1,0.0,Low,0
857,Beauty Brand 597,info597@beauty597.example.com,https://beauty597.example.com,beauty,https://beauty597.example.com/contact,0,1,1,1,16,29,1,0.0,Low,0
858,Sportswear Brand 598,info598@sportswear598.example.com,https://sportswear598.example.com,sportswear,https://sportswear598.example.com/contact,0,1,1,1,20,33,8,0.0,Low,0
859,Skincare Brand 599,info599@skincare599.example.com,https://skincare599.example.com,skincare,https://skincare599.example.com/contact,0,1,1,1,18,31,7,0.0,Low,0
860,Beauty Brand 600,info600@beauty600.example.com,https://beauty600.example.com,beauty,https://beauty600.example.com/contact,0,1,1,1,16,29,1,0.0,Low,0
861,Skincare Brand 601,info601@skincare601.example.com,https://skincare601.example.com,skincare,https://skincare601.example.com/contact,0,1,1,1,18,31,7,0.0,Low,0
862,Beauty Brand 602,info602@beauty602.example.com,https://beauty602.example.com,beauty,https://beauty602.example.com/contact,0,1,1,1,16,29,1,0.0,Low,0
863,Skincare Brand 603,info603@skincare603.example.com,https://skincare603.example.com,skincare,https://skincare603.example.com/contact,0,1,1,1,18,31,7,0.0,Low,0
864,Bags Brand 604,info604@bags604.example.com,https://bags604.example.com,bags,https://bags604.example.com/contact,0,1,1,1,14,27,0,0.0,Low,0
865,Skincare Brand 605,info605@skincare605.example.com,https://skincare605.example.com,skincare,https://skincare605.example.com/contact,0,1,1,1,18,31,7,0.0,Low,0
866,Shoes Brand 606,info606@shoes606.example.com,https://shoes606.example.com,shoes,https://shoes606.example.com/contact,0,1,1,1,15,28,6,0.0,Low,0
867,Sportswear Brand 607,info607@sportswear607.example.com,https://sportswear607.example.com,sportswear,https://sportswear607.example.com/contact,0,1,1,1,20,33,8,0.0,Low,0
868,Skincare Brand 608,info608@skincare608.example.com,https://skincare608.example.com,skincare,https://skincare608.example.com/contact,0,1,1,1,18,31,7,0.0,Low,0
869,Headwear Brand 609,info609@headwear609.example.com,https://headwear609.example.com,headwear,https://headwear609.example.com/contact,1,1,1,1,18,31,4,100.0,High,1
870,Clothing Brand 610,info610@clothing610.example.com,https://clothing610.example.com,clothing,https://clothing610.example.com/contact,1,1,1,1,18,31,2,100.0,High,1
871,Clothing Brand 611,info611@clothing611.example.com,https://clothing611.example.com,clothing,https://clothing611.example.com/contact,1,1,1,1,18,31,2,100.0,High,1
872,Jewellery Brand 612,info612@jewellery612.example.com,https://jewellery612.example.com,jewellery,https://jewellery612.example.com/contact,0,1,1,1,19,32,5,0.0,Low,0
873,Shoes Brand 613,info613@shoes613.example.com,https://shoes613.example.com,shoes,https://shoes613.example.com/contact,0,1,1,1,15,28,6,0.0,Low,0
874,Fashion Brand 614,info614@fashion614.example.com,https://fashion614.example.com,fashion,https://fashion614.example.com/contact,1,1,1,1,17,30,3,100.0,High,1
875,Fashion Brand 615,info615@fashion615.example.com,https://fashion615.example.com,fashion,https://fashion615.example.com/contact,1,1,1,1,17,30,3,100.0,High,1
876,Fashion Brand 616,info616@fashion616.example.com,https://fashion616.example.com,fashion,https://fashion616.example.com/contact,1,1,1,1,17,30,3,100.0,High,1
877,Beauty Brand 617,info617@beauty617.example.com,https://beauty617.example.com,beauty,https://beauty617.example.com/contact,0,1,1,1,16,29,1,0.0,Low,0
878,Fashion Brand 618,info618@fashion618.example.com,https://fashion618.example.com,fashion,https://fashion618.example.com/contact,1,1,1,1,17,30,3,100.0,High,1
879,Sportswear Brand 619,info619@sportswear619.example.com,https://sportswear619.example.com,sportswear,https://sportswear619.example.com/contact,0,1,1,1,20,33,8,0.0,Low,0
880,Fashion Brand 620,info620@fashion620.example.com,https://fashion620.example.com,fashion,https://fashion620.example.com/contact,1,1,1,1,17,30,3,100.0,High,1
881,Skincare Brand 621,info621@skincare621.example.com,https://skincare621.example.com,skincare,https://skincare621.example.com/contact,0,1,1,1,18,31,7,0.0,Low,0
882,Sportswear Brand 622,info622@sportswear622.example.com,https://sportswear622.example.com,sportswear,https://sportswear622.example.com/contact,0,1,1,1,20,33,8,0.0,Low,0
883,Beauty Brand 623,info623@beauty623.example.com,https://beauty623.example.com,beauty,https://beauty623.example.com/contact,0,1,1,1,16,29,1,0.0,Low,0
884,Fashion Brand 624,info624@fashion624.example.com,https://fashion624.example.com,fashion,https://fashion624.example.com/contact,1,1,1,1,17,30,3,100.0,High,1
885,Skincare Brand 625,info625@skincare625.example.com,https://skincare625.example.com,skincare,https://skincare625.example.com/contact,0,1,1,1,18,31,7,0.0,Low,0
886,Shoes Brand 626,info626@shoes626.example.com,https://shoes626.example.com,shoes,https://shoes626.example.com/contact,0,1,1,1,15,28,6,0.0,Low,0
887,Bags Brand 627,info627@bags627.example.com,https://bags627.example.com,bags,https://bags627.example.com/contact,0,1,1,1,14,27,0,0.0,Low,0
888,Beauty Brand 628,info628@beauty628.example.com,https://beauty628.example.com,beauty,https://beauty628.example.com/contact,0,1,1,1,16,29,1,0.0,Low,0
889,Bags Brand 629,info629@bags629.example.com,https://bags629.example.com,bags,https://bags629.example.com/contact,0,1,1,1,14,27,0,0.0,Low,0
890,Skincare Brand 630,info630@skincare630.example.com,https://skincare630.example.com,skincare,https://skincare630.example.com/contact,0,1,1,1,18,31,7,0.0,Low,0
891,Sportswear Brand 631,info631@sportswear631.example.com,https://sportswear631.example.com,sportswear,https://sportswear631.example.com/contact,0,1,1,1,20,33,8,0.0,Low,0
892,Bags Brand 632,info632@bags632.example.com,https://bags632.example.com,bags,https://bags632.example.com/contact,0,1,1,1,14,27,0,0.0,Low,0
893,Clothing Brand 633,info633@clothing633.example.com,https://clothing633.example.com,clothing,https://clothing633.example.com/contact,1,1,1,1,18,31,2,100.0,High,1
894,Beauty Brand 634,info634@beauty634.example.com,https://beauty634.example.com,beauty,https://beauty634.example.com/contact,0,1,1,1,16,29,1,0.0,Low,0
895,Headwear Brand 635,info635@headwear635.example.com,https://headwear635.example.com,headwear,https://headwear635.example.com/contact,1,1,1,1,18,31,4,100.0,High,1
896,Fashion Brand 636,info636@fashion636.example.com,https://fashion636.example.com,fashion,https://fashion636.example.com/contact,1,1,1,1,17,30,3,100.0,High,1
897,Fashion Brand 637,info637@fashion637.example.com,https://fashion637.example.com,fashion,https://fashion637.example.com/contact,1,1,1,1,17,30,3,100.0,High,1
898,Fashion Brand 638,info638@fashion638.example.com,https://fashion638.example.com,fashion,https://fashion638.example.com/contact,1,1,1,1,17,30,3,100.0,High,1
899,Fashion Brand 639,info639@fashion639.example.com,https://fashion639.example.com,fashion,https://fashion639.example.com/contact,1,1,1,1,17,30,3,100.0,High,1
900,Jewellery Brand 640,info640@jewellery640.example.com,https://jewellery640.example.com,jewellery,https://jewellery640.example.com/contact,0,1,1,1,19,32,5,0.0,Low,0
901,Fashion Brand 641,info641@fashion641.example.com,https://fashion641.example.com,fashion,https://fashion641.example.com/contact,1,1,1,1,17,30,3,100.0,High,1
902,Fashion Brand 642,info642@fashion642.example.com,https://fashion642.example.com,fashion,https://fashion642.example.com/contact,1,1,1,1,17,30,3,100.0,High,1
903,Sportswear Brand 643,info643@sportswear643.example.com,https://sportswear643.example.com,sportswear,https://sportswear643.example.com/contact,0,1,1,1,20,33,8,0.0,Low,0
904,Headwear Brand 644,info644@headwear644.example.com,https://headwear644.example.com,headwear,https://headwear644.example.com/contact,1,1,1,1,18,31,4,100.0,High,1
905,Clothing Brand 645,info645@clothing645.example.com,https://clothing645.example.com,clothing,https://clothing645.example.com/contact,1,1,1,1,18,31,2,100.0,High,1
906,Jewellery Brand 646,info646@jewellery646.example.com,https://jewellery646.example.com,jewellery,https://jewellery646.example.com/contact,0,1,1,1,19,32,5,0.0,Low,0
907,Shoes Brand 647,info647@shoes647.example.com,https://shoes647.example.com,shoes,https://shoes647.example.com/contact,0,1,1,1,15,28,6,0.0,Low,0
908,Shoes Brand 648,info648@shoes648.example.com,https://shoes648.example.com,shoes,https://shoes648.example.com/contact,0,1,1,1,15,28,6,0.0,Low,0
909,Shoes Brand 649,info649@shoes649.example.com,https://shoes649.example.com,shoes,https://shoes649.example.com/contact,0,1,1,1,15,28,6,0.0,Low,0
910,Bags Brand 650,info650@bags650.example.com,https://bags650.example.com,bags,https://bags650.example.com/contact,0,1,1,1,14,27,0,0.0,Low,0
911,Fashion Brand 651,info651@fashion651.example.com,https://fashion651.example.com,fashion,https://fashion651.example.com/contact,1,1,1,1,17,30,3,100.0,High,1
912,Fashion Brand 652,info652@fashion652.example.com,https://fashion652.example.com,fashion,https://fashion652.example.com/contact,1,1,1,1,17,30,3,100.0,High,1
913,Sportswear Brand 653,info653@sportswear653.example.com,https://sportswear653.example.com,sportswear,https://sportswear653.example.com/contact,0,1,1,1,20,33,8,0.0,Low,0
914,Clothing Brand 654,info654@clothing654.example.com,https://clothing654.example.com,clothing,https://clothing654.example.com/contact,1,1,1,1,18,31,2,100.0,High,1
915,Skincare Brand 655,info655@skincare655.example.com,https://skincare655.example.com,skincare,https://skincare655.example.com/contact,0,1,1,1,18,31,7,0.0,Low,0
916,Sportswear Brand 656,info656@sportswear656.example.com,https://sportswear656.example.com,sportswear,https://sportswear656.example.com/contact,0,1,1,1,20,33,8,0.0,Low,0
917,Beauty Brand 657,info657@beauty657.example.com,https://beauty657.example.com,beauty,https://beauty657.example.com/contact,0,1,1,1,16,29,1,0.0,Low,0
918,Sportswear Brand 658,info658@sportswear658.example.com,https://sportswear658.example.com,sportswear,https://sportswear658.example.com/contact,0,1,1,1,20,33,8,0.0,Low,0
919,Bags Brand 659,info659@bags659.example.com,https://bags659.example.com,bags,https://bags659.example.com/contact,0,1,1,1,14,27,0,0.0,Low,0
920,Bags Brand 660,info660@bags660.example.com,https://bags660.example.com,bags,https://bags660.example.com/contact,0,1,1,1,14,27,0,0.0,Low,0
921,Beauty Brand 661,info661@beauty661.example.com,https://beauty661.example.com,beauty,https://beauty661.example.com/contact,0,1,1,1,16,29,1,0.0,Low,0
922,Skincare Brand 662,info662@skincare662.example.com,https://skincare662.example.com,skincare,https://skincare662.example.com/contact,0,1,1,1,18,31,7,0.0,Low,0
923,Shoes Brand 663,info663@shoes663.example.com,https://shoes663.example.com,shoes,https://shoes663.example.com/contact,0,1,1,1,15,28,6,0.0,Low,0
924,Sportswear Brand 664,info664@sportswear664.example.com,https://sportswear664.example.com,sportswear,https://sportswear664.example.com/contact,0,1,1,1,20,33,8,0.0,Low,0
925,Sportswear Brand 665,info665@sportswear665.example.com,https://sportswear665.example.com,sportswear,https://sportswear665.example.com/contact,0,1,1,1,20,33,8,0.0,Low,0
926,Fashion Brand 666,info666@fashion666.example.com,https://fashion666.example.com,fashion,https://fashion666.example.com/contact,1,1,1,1,17,30,3,100.0,High,1
927,Shoes Brand 667,info667@shoes667.example.com,https://shoes667.example.com,shoes,https://shoes667.example.com/contact,0,1,1,1,15,28,6,0.0,Low,0
928,Jewellery Brand 668,info668@jewellery668.example.com,https://jewellery668.example.com,jewellery,https://jewellery668.example.com/contact,0,1,1,1,19,32,5,0.0,Low,0
929,Shoes Brand 669,info669@shoes669.example.com,https://shoes669.example.com,shoes,https://shoes669.example.com/contact,0,1,1,1,15,28,6,0.0,Low,0
930,Headwear Brand 670,info670@headwear670.example.com,https://headwear670.example.com,headwear,https://headwear670.example.com/contact,1,1,1,1,18,31,4,100.0,High,1
931,Fashion Brand 671,info671@fashion671.example.com,https://fashion671.example.com,fashion,https://fashion671.example.com/contact,1,1,1,1,17,30,3,100.0,High,1
932,Sportswear Brand 672,info672@sportswear672.example.com,https://sportswear672.example.com,sportswear,https://sportswear672.example.com/contact,0,1,1,1,20,33,8,0.0,Low,0
933,Headwear Brand 673,info673@headwear673.example.com,https://headwear673.example.com,headwear,https://headwear673.example.com/contact,1,1,1,1,18,31,4,100.0,High,1
934,Clothing Brand 674,info674@clothing674.example.com,https://clothing674.example.com,clothing,https://clothing674.example.com/contact,1,1,1,1,18,31,2,100.0,High,1
935,Beauty Brand 675,info675@beauty675.example.com,https://beauty675.example.com,beauty,https://beauty675.example.com/contact,0,1,1,1,16,29,1,0.0,Low,0
936,Skincare Brand 676,info676@skincare676.example.com,https://skincare676.example.com,skincare,https://skincare676.example.com/contact,0,1,1,1,18,31,7,0.0,Low,0
937,Skincare Brand 677,info677@skincare677.example.com,https://skincare677.example.com,skincare,https://skincare677.example.com/contact,0,1,1,1,18,31,7,0.0,Low,0
938,Bags Brand 678,info678@bags678.example.com,https://bags678.example.com,bags,https://bags678.example.com/contact,0,1,1,1,14,27,0,0.0,Low,0
939,Fashion Brand 679,info679@fashion679.example.com,https://fashion679.example.com,fashion,https://fashion679.example.com/contact,1,1,1,1,17,30,3,100.0,High,1
940,Fashion Brand 680,info680@fashion680.example.com,https://fashion680.example.com,fashion,https://fashion680.example.com/contact,1,1,1,1,17,30,3,100.0,High,1
941,Sportswear Brand 681,info681@sportswear681.example.com,https://sportswear681.example.com,sportswear,https://sportswear681.example.com/contact,0,1,1,1,20,33,8,0.0,Low,0
942,Sportswear Brand 682,info682@sportswear682.example.com,https://sportswear682.example.com,sportswear,https://sportswear682.example.com/contact,0,1,1,1,20,33,8,0.0,Low,0
943,Clothing Brand 683,info683@clothing683.example.com,https://clothing683.example.com,clothing,https://clothing683.example.com/contact,1,1,1,1,18,31,2,100.0,High,1
944,Bags Brand 684,info684@bags684.example.com,https://bags684.example.com,bags,https://bags684.example.com/contact,0,1,1,1,14,27,0,0.0,Low,0
945,Jewellery Brand 685,info685@jewellery685.example.com,https://jewellery685.example.com,jewellery,https://jewellery685.example.com/contact,0,1,1,1,19,32,5,0.0,Low,0
946,Clothing Brand 686,info686@clothing686.example.com,https://clothing686.example.com,clothing,https://clothing686.example.com/contact,1,1,1,1,18,31,2,100.0,High,1
947,Beauty Brand 687,info687@beauty687.example.com,https://beauty687.example.com,beauty,https://beauty687.example.com/contact,0,1,1,1,16,29,1,0.0,Low,0
948,Bags Brand 688,info688@bags688.example.com,https://bags688.example.com,bags,https://bags688.example.com/contact,0,1,1,1,14,27,0,0.0,Low,0
949,Sportswear Brand 689,info689@sportswear689.example.com,https://sportswear689.example.com,sportswear,https://sportswear689.example.com/contact,0,1,1,1,20,33,8,0.0,Low,0
950,Shoes Brand 690,info690@shoes690.example.com,https://shoes690.example.com,shoes,https://shoes690.example.com/contact,0,1,1,1,15,28,6,0.0,Low,0
951,Clothing Brand 691,info691@clothing691.example.com,https://clothing691.example.com,clothing,https://clothing691.example.com/contact,1,1,1,1,18,31,2,100.0,High,1
952,Jewellery Brand 692,info692@jewellery692.example.com,https://jewellery692.example.com,jewellery,https://jewellery692.example.com/contact,0,1,1,1,19,32,5,0.0,Low,0
953,Bags Brand 693,info693@bags693.example.com,https://bags693.example.com,bags,https://bags693.example.com/contact,0,1,1,1,14,27,0,0.0,Low,0
954,Headwear Brand 694,info694@headwear694.example.com,https://headwear694.example.com,headwear,https://headwear694.example.com/contact,1,1,1,1,18,31,4,100.0,High,1
955,Bags Brand 695,info695@bags695.example.com,https://bags695.example.com,bags,https://bags695.example.com/contact,0,1,1,1,14,27,0,0.0,Low,0
956,Fashion Brand 696,info696@fashion696.example.com,https://fashion696.example.com,fashion,https://fashion696.example.com/contact,1,1,1,1,17,30,3,100.0,High,1
957,Shoes Brand 697,info697@shoes697.example.com,https://shoes697.example.com,shoes,https://shoes697.example.com/contact,0,1,1,1,15,28,6,0.0,Low,0
958,Fashion Brand 698,info698@fashion698.example.com,https://fashion698.example.com,fashion,https://fashion698.example.com/contact,1,1,1,1,17,30,3,100.0,High,1
959,Clothing Brand 699,info699@clothing699.example.com,https://clothing699.example.com,clothing,https://clothing699.example.com/contact,1,1,1,1,18,31,2,100.0,High,1
960,Clothing Brand 700,info700@clothing700.example.com,https://clothing700.example.com,clothing,https://clothing700.example.com/contact,1,1,1,1,18,31,2,100.0,High,1
961,Fashion Brand 701,info701@fashion701.example.com,https://fashion701.example.com,fashion,https://fashion701.example.com/contact,1,1,1,1,17,30,3,100.0,High,1
962,Clothing Brand 702,info702@clothing702.example.com,https://clothing702.example.com,clothing,https://clothing702.example.com/contact,1,1,1,1,18,31,2,100.0,High,1
963,Sportswear Brand 703,info703@sportswear703.example.com,https://sportswear703.example.com,sportswear,https://sportswear703.example.com/contact,0,1,1,1,20,33,8,0.0,Low,0
964,Shoes Brand 704,info704@shoes704.example.com,https://shoes704.example.com,shoes,https://shoes704.example.com/contact,0,1,1,1,15,28,6,0.0,Low,0
965,Sportswear Brand 705,info705@sportswear705.example.com,https://sportswear705.example.com,sportswear,https://sportswear705.example.com/contact,0,1,1,1,20,33,8,0.0,Low,0
966,Beauty Brand 706,info706@beauty706.example.com,https://beauty706.example.com,beauty,https://beauty706.example.com/contact,0,1,1,1,16,29,1,0.0,Low,0
967,Fashion Brand 707,info707@fashion707.example.com,https://fashion707.example.com,fashion,https://fashion707.example.com/contact,1,1,1,1,17,30,3,100.0,High,1
968,Fashion Brand 708,info708@fashion708.example.com,https://fashion708.example.com,fashion,https://fashion708.example.com/contact,1,1,1,1,17,30,3,100.0,High,1
969,Sportswear Brand 709,info709@sportswear709.example.com,https://sportswear709.example.com,sportswear,https://sportswear709.example.com/contact,0,1,1,1,20,33,8,0.0,Low,0
970,Sportswear Brand 710,info710@sportswear710.example.com,https://sportswear710.example.com,sportswear,https://sportswear710.example.com/contact,0,1,1,1,20,33,8,0.0,Low,0
971,Bags Brand 711,info711@bags711.example.com,https://bags711.example.com,bags,https://bags711.example.com/contact,0,1,1,1,14,27,0,0.0,Low,0
972,Shoes Brand 712,info712@shoes712.example.com,https://shoes712.example.com,shoes,https://shoes712.example.com/contact,0,1,1,1,15,28,6,0.0,Low,0
973,Beauty Brand 713,info713@beauty713.example.com,https://beauty713.example.com,beauty,https://beauty713.example.com/contact,0,1,1,1,16,29,1,0.0,Low,0
974,Beauty Brand 714,info714@beauty714.example.com,https://beauty714.example.com,beauty,https://beauty714.example.com/contact,0,1,1,1,16,29,1,0.0,Low,0
975,Shoes Brand 715,info715@shoes715.example.com,https://shoes715.example.com,shoes,https://shoes715.example.com/contact,0,1,1,1,15,28,6,0.0,Low,0
976,Sportswear Brand 716,info716@sportswear716.example.com,https://sportswear716.example.com,sportswear,https://sportswear716.example.com/contact,0,1,1,1,20,33,8,0.0,Low,0
977,Clothing Brand 717,info717@clothing717.example.com,https://clothing717.example.com,clothing,https://clothing717.example.com/contact,1,1,1,1,18,31,2,100.0,High,1
978,Beauty Brand 718,info718@beauty718.example.com,https://beauty718.example.com,beauty,https://beauty718.example.com/contact,0,1,1,1,16,29,1,0.0,Low,0
979,Sportswear Brand 719,info719@sportswear719.example.com,https://sportswear719.example.com,sportswear,https://sportswear719.example.com/contact,0,1,1,1,20,33,8,0.0,Low,0
980,Fashion Brand 720,info720@fashion720.example.com,https://fashion720.example.com,fashion,https://fashion720.example.com/contact,1,1,1,1,17,30,3,100.0,High,1
981,Clothing Brand 721,info721@clothing721.example.com,https://clothing721.example.com,clothing,https://clothing721.example.com/contact,1,1,1,1,18,31,2,100.0,High,1
982,Sportswear Brand 722,info722@sportswear722.example.com,https://sportswear722.example.com,sportswear,https://sportswear722.example.com/contact,0,1,1,1,20,33,8,0.0,Low,0
983,Beauty Brand 723,info723@beauty723.example.com,https://beauty723.example.com,beauty,https://beauty723.example.com/contact,0,1,1,1,16,29,1,0.0,Low,0
984,Skincare Brand 724,info724@skincare724.example.com,https://skincare724.example.com,skincare,https://skincare724.example.com/contact,0,1,1,1,18,31,7,0.0,Low,0
985,Headwear Brand 725,info725@headwear725.example.com,https://headwear725.example.com,headwear,https://headwear725.example.com/contact,1,1,1,1,18,31,4,100.0,High,1
986,Skincare Brand 726,info726@skincare726.example.com,https://skincare726.example.com,skincare,https://skincare726.example.com/contact,0,1,1,1,18,31,7,0.0,Low,0
987,Fashion Brand 727,info727@fashion727.example.com,https://fashion727.example.com,fashion,https://fashion727.example.com/contact,1,1,1,1,17,30,3,100.0,High,1
988,Bags Brand 728,info728@bags728.example.com,https://bags728.example.com,bags,https://bags728.example.com/contact,0,1,1,1,14,27,0,0.0,Low,0
989,Beauty Brand 729,info729@beauty729.example.com,https://beauty729.example.com,beauty,https://beauty729.example.com/contact,0,1,1,1,16,29,1,0.0,Low,0
990,Shoes Brand 730,info730@shoes730.example.com,https://shoes730.example.com,shoes,https://shoes730.example.com/contact,0,1,1,1,15,28,6,0.0,Low,0
991,Sportswear Brand 731,info731@sportswear731.example.com,https://sportswear731.example.com,sportswear,https://sportswear731.example.com/contact,0,1,1,1,20,33,8,0.0,Low,0
992,Beauty Brand 732,info732@beauty732.example.com,https://beauty732.example.com,beauty,https://beauty732.example.com/contact,0,1,1,1,16,29,1,0.0,Low,0
993,Bags Brand 733,info733@bags733.example.com,https://bags733.example.com,bags,https://bags733.example.com/contact,0,1,1,1,14,27,0,0.0,Low,0
994,Jewellery Brand 734,info734@jewellery734.example.com,https://jewellery734.example.com,jewellery,https://jewellery734.example.com/contact,0,1,1,1,19,32,5,0.0,Low,0
995,Clothing Brand 735,info735@clothing735.example.com,https://clothing735.example.com,clothing,https://clothing735.example.com/contact,1,1,1,1,18,31,2,100.0,High,1
996,Jewellery Brand 736,info736@jewellery736.example.com,https://jewellery736.example.com,jewellery,https://jewellery736.example.com/contact,0,1,1,1,19,32,5,0.0,Low,0
997,Sportswear Brand 737,info737@sportswear737.example.com,https://sportswear737.example.com,sportswear,https://sportswear737.example.com/contact,0,1,1,1,20,33,8,0.0,Low,0
998,Clothing Brand 738,info738@clothing738.example.com,https://clothing738.example.com,clothing,https://clothing738.example.com/contact,1,1,1,1,18,31,2,100.0,High,1
999,Headwear Brand 739,info739@headwear739.example.com,https://headwear739.example.com,headwear,https://headwear739.example.com/contact,1,1,1,1,18,31,4,100.0,High,1
1000,Skincare Brand 740,info740@skincare740.example.com,https://skincare740.example.com,skincare,https://skincare740.example.com/contact,0,1,1,1,18,31,7,0.0,Low,0
1001,Jewellery Brand 741,info741@jewellery741.example.com,https://jewellery741.example.com,jewellery,https://jewellery741.example.com/contact,0,1,1,1,19,32,5,0.0,Low,0
1002,Sportswear Brand 742,info742@sportswear742.example.com,https://sportswear742.example.com,sportswear,https://sportswear742.example.com/contact,0,1,1,1,20,33,8,0.0,Low,0
1003,Fashion Brand 743,info743@fashion743.example.com,https://fashion743.example.com,fashion,https://fashion743.example.com/contact,1,1,1,1,17,30,3,100.0,High,1
1004,Skincare Brand 744,info744@skincare744.example.com,https://skincare744.example.com,skincare,https://skincare744.example.com/contact,0,1,1,1,18,31,7,0.0,Low,0
1005,Fashion Brand 745,info745@fashion745.example.com,https://fashion745.example.com,fashion,https://fashion745.example.com/contact,1,1,1,1,17,30,3,100.0,High,1
1006,Shoes Brand 746,info746@shoes746.example.com,https://shoes746.example.com,shoes,https://shoes746.example.com/contact,0,1,1,1,15,28,6,0.0,Low,0
1007,Headwear Brand 747,info747@headwear747.example.com,https://headwear747.example.com,headwear,https://headwear747.example.com/contact,1,1,1,1,18,31,4,100.0,High,1
1008,Jewellery Brand 748,info748@jewellery748.example.com,https://jewellery748.example.com,jewellery,https://jewellery748.example.com/contact,0,1,1,1,19,32,5,0.0,Low,0
1009,Sportswear Brand 749,info749@sportswear749.example.com,https://sportswear749.example.com,sportswear,https://sportswear749.example.com/contact,0,1,1,1,20,33,8,0.0,Low,0
1010,Fashion Brand 750,info750@fashion750.example.com,https://fashion750.example.com,fashion,https://fashion750.example.com/contact,1,1,1,1,17,30,3,100.0,High,1
1011,Clothing Brand 751,info751@clothing751.example.com,https://clothing751.example.com,clothing,https://clothing751.example.com/contact,1,1,1,1,18,31,2,100.0,High,1
1012,Sportswear Brand 752,info752@sportswear752.example.com,https://sportswear752.example.com,sportswear,https://sportswear752.example.com/contact,0,1,1,1,20,33,8,0.0,Low,0
1013,Sportswear Brand 753,info753@sportswear753.example.com,https://sportswear753.example.com,sportswear,https://sportswear753.example.com/contact,0,1,1,1,20,33,8,0.0,Low,0
1014,Jewellery Brand 754,info754@jewellery754.example.com,https://jewellery754.example.com,jewellery,https://jewellery754.example.com/contact,0,1,1,1,19,32,5,0.0,Low,0
1015,Bags Brand 755,info755@bags755.example.com,https://bags755.example.com,bags,https://bags755.example.com/contact,0,1,1,1,14,27,0,0.0,Low,0
1016,Shoes Brand 756,info756@shoes756.example.com,https://shoes756.example.com,shoes,https://shoes756.example.com/contact,0,1,1,1,15,28,6,0.0,Low,0
1017,Headwear Brand 757,info757@headwear757.example.com,https://headwear757.example.com,headwear,https://headwear757.example.com/contact,1,1,1,1,18,31,4,100.0,High,1
1018,Shoes Brand 758,info758@shoes758.example.com,https://shoes758.example.com,shoes,https://shoes758.example.com/contact,0,1,1,1,15,28,6,0.0,Low,0
1019,Headwear Brand 759,info759@headwear759.example.com,https://headwear759.example.com,headwear,https://headwear759.example.com/contact,1,1,1,1,18,31,4,100.0,High,1
1020,Clothing Brand 760,info760@clothing760.example.com,https://clothing760.example.com,clothing,https://clothing760.example.com/contact,1,1,1,1,18,31,2,100.0,High,1
1021,Bags Brand 761,info761@bags761.example.com,https://bags761.example.com,bags,https://bags761.example.com/contact,0,1,1,1,14,27,0,0.0,Low,0
1022,Clothing Brand 762,info762@clothing762.example.com,https://clothing762.example.com,clothing,https://clothing762.example.com/contact,1,1,1,1,18,31,2,100.0,High,1
1023,Skincare Brand 763,info763@skincare763.example.com,https://skincare763.example.com,skincare,https://skincare763.example.com/contact,0,1,1,1,18,31,7,0.0,Low,0
1024,Shoes Brand 764,info764@shoes764.example.com,https://shoes764.example.com,shoes,https://shoes764.example.com/contact,0,1,1,1,15,28,6,0.0,Low,0
1025,Headwear Brand 765,info765@headwear765.example.com,https://headwear765.example.com,headwear,https://headwear765.example.com/contact,1,1,1,1,18,31,4,100.0,High,1
1026,Clothing Brand 766,info766@clothing766.example.com,https://clothing766.example.com,clothing,https://clothing766.example.com/contact,1,1,1,1,18,31,2,100.0,High,1
1027,Clothing Brand 767,info767@clothing767.example.com,https://clothing767.example.com,clothing,https://clothing767.example.com/contact,1,1,1,1,18,31,2,100.0,High,1
1028,Fashion Brand 768,info768@fashion768.example.com,https://fashion768.example.com,fashion,https://fashion768.example.com/contact,1,1,1,1,17,30,3,100.0,High,1
1029,Headwear Brand 769,info769@headwear769.example.com,https://headwear769.example.com,headwear,https://headwear769.example.com/contact,1,1,1,1,18,31,4,100.0,High,1
1030,Bags Brand 770,info770@bags770.example.com,https://bags770.example.com,bags,https://bags770.example.com/contact,0,1,1,1,14,27,0,0.0,Low,0
1031,Jewellery Brand 771,info771@jewellery771.example.com,https://jewellery771.example.com,jewellery,https://jewellery771.example.com/contact,0,1,1,1,19,32,5,0.0,Low,0
1032,Headwear Brand 772,info772@headwear772.example.com,https://headwear772.example.com,headwear,https://headwear772.example.com/contact,1,1,1,1,18,31,4,100.0,High,1
1033,Sportswear Brand 773,info773@sportswear773.example.com,https://sportswear773.example.com,sportswear,https://sportswear773.example.com/contact,0,1,1,1,20,33,8,0.0,Low,0
1034,Shoes Brand 774,info774@shoes774.example.com,https://shoes774.example.com,shoes,https://shoes774.example.com/contact,0,1,1,1,15,28,6,0.0,Low,0
1035,Headwear Brand 775,info775@headwear775.example.com,https://headwear775.example.com,headwear,https://headwear775.example.com/contact,1,1,1,1,18,31,4,100.0,High,1
1036,Shoes Brand 776,info776@shoes776.example.com,https://shoes776.example.com,shoes,https://shoes776.example.com/contact,0,1,1,1,15,28,6,0.0,Low,0
1037,Clothing Brand 777,info777@clothing777.example.com,https://clothing777.example.com,clothing,https://clothing777.example.com/contact,1,1,1,1,18,31,2,100.0,High,1
1038,Jewellery Brand 778,info778@jewellery778.example.com,https://jewellery778.example.com,jewellery,https://jewellery778.example.com/contact,0,1,1,1,19,32,5,0.0,Low,0
1039,Sportswear Brand 779,info779@sportswear779.example.com,https://sportswear779.example.com,sportswear,https://sportswear779.example.com/contact,0,1,1,1,20,33,8,0.0,Low,0
1040,Shoes Brand 780,info780@shoes780.example.com,https://shoes780.example.com,shoes,https://shoes780.example.com/contact,0,1,1,1,15,28,6,0.0,Low,0
1041,Skincare Brand 781,info781@skincare781.example.com,https://skincare781.example.com,skincare,https://skincare781.example.com/contact,0,1,1,1,18,31,7,0.0,Low,0
1042,Headwear Brand 782,info782@headwear782.example.com,https://headwear782.example.com,headwear,https://headwear782.example.com/contact,1,1,1,1,18,31,4,100.0,High,1
1043,Jewellery Brand 783,info783@jewellery783.example.com,https://jewellery783.example.com,jewellery,https://jewellery783.example.com/contact,0,1,1,1,19,32,5,0.0,Low,0
1044,Headwear Brand 784,info784@headwear784.example.com,https://headwear784.example.com,headwear,https://headwear784.example.com/contact,1,1,1,1,18,31,4,100.0,High,1
1045,Headwear Brand 785,info785@headwear785.example.com,https://headwear785.example.com,headwear,https://headwear785.example.com/contact,1,1,1,1,18,31,4,100.0,High,1
1046,Jewellery Brand 786,info786@jewellery786.example.com,https://jewellery786.example.com,jewellery,https://jewellery786.example.com/contact,0,1,1,1,19,32,5,0.0,Low,0
1047,Headwear Brand 787,info787@headwear787.example.com,https://headwear787.example.com,headwear,https://headwear787.example.com/contact,1,1,1,1,18,31,4,100.0,High,1
1048,Beauty Brand 788,info788@beauty788.example.com,https://beauty788.example.com,beauty,https://beauty788.example.com/contact,0,1,1,1,16,29,1,0.0,Low,0
1049,Bags Brand 789,info789@bags789.example.com,https://bags789.example.com,bags,https://bags789.example.com/contact,0,1,1,1,14,27,0,0.0,Low,0
1050,Clothing Brand 790,info790@clothing790.example.com,https://clothing790.example.com,clothing,https://clothing790.example.com/contact,1,1,1,1,18,31,2,100.0,High,1
1051,Beauty Brand 791,info791@beauty791.example.com,https://beauty791.example.com,beauty,https://beauty791.example.com/contact,0,1,1,1,16,29,1,0.0,Low,0
1052,Sportswear Brand 792,info792@sportswear792.example.com,https://sportswear792.example.com,sportswear,https://sportswear792.example.com/contact,0,1,1,1,20,33,8,0.0,Low,0
1053,Bags Brand 793,info793@bags793.example.com,https://bags793.example.com,bags,https://bags793.example.com/contact,0,1,1,1,14,27,0,0.0,Low,0
1054,Clothing Brand 794,info794@clothing794.example.com,https://clothing794.example.com,clothing,https://clothing794.example.com/contact,1,1,1,1,18,31,2,100.0,High,1
1055,Headwear Brand 795,info795@headwear795.example.com,https://headwear795.example.com,headwear,https://headwear795.example.com/contact,1,1,1,1,18,31,4,100.0,High,1
1056,Headwear Brand 796,info796@headwear796.example.com,https://headwear796.example.com,headwear,https://headwear796.example.com/contact,1,1,1,1,18,31,4,100.0,High,1
1057,Skincare Brand 797,info797@skincare797.example.com,https://skincare797.example.com,skincare,https://skincare797.example.com/contact,0,1,1,1,18,31,7,0.0,Low,0
1058,Beauty Brand 798,info798@beauty798.example.com,https://beauty798.example.com,beauty,https://beauty798.example.com/contact,0,1,1,1,16,29,1,0.0,Low,0
1059,Clothing Brand 799,info799@clothing799.example.com,https://clothing799.example.com,clothing,https://clothing799.example.com/contact,1,1,1,1,18,31,2,100.0,High,1
1060,Fashion Brand 800,info800@fashion800.example.com,https://fashion800.example.com,fashion,https://fashion800.example.com/contact,1,1,1,1,17,30,3,100.0,High,1
1061,Shoes Brand 801,info801@shoes801.example.com,https://shoes801.example.com,shoes,https://shoes801.example.com/contact,0,1,1,1,15,28,6,0.0,Low,0
1062,Jewellery Brand 802,info802@jewellery802.example.com,https://jewellery802.example.com,jewellery,https://jewellery802.example.com/contact,0,1,1,1,19,32,5,0.0,Low,0
1063,Bags Brand 803,info803@bags803.example.com,https://bags803.example.com,bags,https://bags803.example.com/contact,0,1,1,1,14,27,0,0.0,Low,0
1064,Clothing Brand 804,info804@clothing804.example.com,https://clothing804.example.com,clothing,https://clothing804.example.com/contact,1,1,1,1,18,31,2,100.0,High,1
1065,Shoes Brand 805,info805@shoes805.example.com,https://shoes805.example.com,shoes,https://shoes805.example.com/contact,0,1,1,1,15,28,6,0.0,Low,0
1066,Sportswear Brand 806,info806@sportswear806.example.com,https://sportswear806.example.com,sportswear,https://sportswear806.example.com/contact,0,1,1,1,20,33,8,0.0,Low,0
1067,Shoes Brand 807,info807@shoes807.example.com,https://shoes807.example.com,shoes,https://shoes807.example.com/contact,0,1,1,1,15,28,6,0.0,Low,0
1068,Fashion Brand 808,info808@fashion808.example.com,https://fashion808.example.com,fashion,https://fashion808.example.com/contact,1,1,1,1,17,30,3,100.0,High,1
1069,Shoes Brand 809,info809@shoes809.example.com,https://shoes809.example.com,shoes,https://shoes809.example.com/contact,0,1,1,1,15,28,6,0.0,Low,0
1070,Bags Brand 810,info810@bags810.example.com,https://bags810.example.com,bags,https://bags810.example.com/contact,0,1,1,1,14,27,0,0.0,Low,0
1071,Bags Brand 811,info811@bags811.example.com,https://bags811.example.com,bags,https://bags811.example.com/contact,0,1,1,1,14,27,0,0.0,Low,0
1072,Fashion Brand 812,info812@fashion812.example.com,https://fashion812.example.com,fashion,https://fashion812.example.com/contact,1,1,1,1,17,30,3,100.0,High,1
1073,Sportswear Brand 813,info813@sportswear813.example.com,https://sportswear813.example.com,sportswear,https://sportswear813.example.com/contact,0,1,1,1,20,33,8,0.0,Low,0
1074,Headwear Brand 814,info814@headwear814.example.com,https://headwear814.example.com,headwear,https://headwear814.example.com/contact,1,1,1,1,18,31,4,100.0,High,1
1075,Bags Brand 815,info815@bags815.example.com,https://bags815.example.com,bags,https://bags815.example.com/contact,0,1,1,1,14,27,0,0.0,Low,0
1076,Jewellery Brand 816,info816@jewellery816.example.com,https://jewellery816.example.com,jewellery,https://jewellery816.example.com/contact,0,1,1,1,19,32,5,0.0,Low,0
1077,Skincare Brand 817,info817@skincare817.example.com,https://skincare817.example.com,skincare,https://skincare817.example.com/contact,0,1,1,1,18,31,7,0.0,Low,0
1078,Clothing Brand 818,info818@clothing818.example.com,https://clothing818.example.com,clothing,https://clothing818.example.com/contact,1,1,1,1,18,31,2,100.0,High,1
1079,Headwear Brand 819,info819@headwear819.example.com,https://headwear819.example.com,headwear,https://headwear819.example.com/contact,1,1,1,1,18,31,4,100.0,High,1
1080,Clothing Brand 820,info820@clothing820.example.com,https://clothing820.example.com,clothing,https://clothing820.example.com/contact,1,1,1,1,18,31,2,100.0,High,1
1081,Jewellery Brand 821,info821@jewellery821.example.com,https://jewellery821.example.com,jewellery,https://jewellery821.example.com/contact,0,1,1,1,19,32,5,0.0,Low,0
1082,Skincare Brand 822,info822@skincare822.example.com,https://skincare822.example.com,skincare,https://skincare822.example.com/contact,0,1,1,1,18,31,7,0.0,Low,0
1083,Jewellery Brand 823,info823@jewellery823.example.com,https://jewellery823.example.com,jewellery,https://jewellery823.example.com/contact,0,1,1,1,19,32,5,0.0,Low,0
1084,Fashion Brand 824,info824@fashion824.example.com,https://fashion824.example.com,fashion,https://fashion824.example.com/contact,1,1,1,1,17,30,3,100.0,High,1
1085,Shoes Brand 825,info825@shoes825.example.com,https://shoes825.example.com,shoes,https://shoes825.example.com/contact,0,1,1,1,15,28,6,0.0,Low,0
1086,Beauty Brand 826,info826@beauty826.example.com,https://beauty826.example.com,beauty,https://beauty826.example.com/contact,0,1,1,1,16,29,1,0.0,Low,0
1087,Headwear Brand 827,info827@headwear827.example.com,https://headwear827.example.com,headwear,https://headwear827.example.com/contact,1,1,1,1,18,31,4,100.0,High,1
1088,Fashion Brand 828,info828@fashion828.example.com,https://fashion828.example.com,fashion,https://fashion828.example.com/contact,1,1,1,1,17,30,3,100.0,High,1
1089,Shoes Brand 829,info829@shoes829.example.com,https://shoes829.example.com,shoes,https://shoes829.example.com/contact,0,1,1,1,15,28,6,0.0,Low,0
1090,Bags Brand 830,info830@bags830.example.com,https://bags830.example.com,bags,https://bags830.example.com/contact,0,1,1,1,14,27,0,0.0,Low,0
1091,Headwear Brand 831,info831@headwear831.example.com,https://headwear831.example.com,headwear,https://headwear831.example.com/contact,1,1,1,1,18,31,4,100.0,High,1
1092,Bags Brand 832,info832@bags832.example.com,https://bags832.example.com,bags,https://bags832.example.com/contact,0,1,1,1,14,27,0,0.0,Low,0
1093,Jewellery Brand 833,info833@jewellery833.example.com,https://jewellery833.example.com,jewellery,https://jewellery833.example.com/contact,0,1,1,1,19,32,5,0.0,Low,0
1094,Clothing Brand 834,info834@clothing834.example.com,https://clothing834.example.com,clothing,https://clothing834.example.com/contact,1,1,1,1,18,31,2,100.0,High,1
1095,Jewellery Brand 835,info835@jewellery835.example.com,https://jewellery835.example.com,jewellery,https://jewellery835.example.com/contact,0,1,1,1,19,32,5,0.0,Low,0
1096,Jewellery Brand 836,info836@jewellery836.example.com,https://jewellery836.example.com,jewellery,https://jewellery836.example.com/contact,0,1,1,1,19,32,5,0.0,Low,0
1097,Fashion Brand 837,info837@fashion837.example.com,https://fashion837.example.com,fashion,https://fashion837.example.com/contact,1,1,1,1,17,30,3,100.0,High,1
1098,Headwear Brand 838,info838@headwear838.example.com,https://headwear838.example.com,headwear,https://headwear838.example.com/contact,1,1,1,1,18,31,4,100.0,High,1
1099,Headwear Brand 839,info839@headwear839.example.com,https://headwear839.example.com,headwear,https://headwear839.example.com/contact,1,1,1,1,18,31,4,100.0,High,1
1100,Headwear Brand 840,info840@headwear840.example.com,https://headwear840.example.com,headwear,https://headwear840.example.com/contact,1,1,1,1,18,31,4,100.0,High,1
1101,Jewellery Brand 841,info841@jewellery841.example.com,https://jewellery841.example.com,jewellery,https://jewellery841.example.com/contact,0,1,1,1,19,32,5,0.0,Low,0
1102,Clothing Brand 842,info842@clothing842.example.com,https://clothing842.example.com,clothing,https://clothing842.example.com/contact,1,1,1,1,18,31,2,100.0,High,1
1103,Jewellery Brand 843,info843@jewellery843.example.com,https://jewellery843.example.com,jewellery,https://jewellery843.example.com/contact,0,1,1,1,19,32,5,0.0,Low,0
1104,Clothing Brand 844,info844@clothing844.example.com,https://clothing844.example.com,clothing,https://clothing844.example.com/contact,1,1,1,1,18,31,2,100.0,High,1
1105,Shoes Brand 845,info845@shoes845.example.com,https://shoes845.example.com,shoes,https://shoes845.example.com/contact,0,1,1,1,15,28,6,0.0,Low,0
1106,Headwear Brand 846,info846@headwear846.example.com,https://headwear846.example.com,headwear,https://headwear846.example.com/contact,1,1,1,1,18,31,4,100.0,High,1
1107,Shoes Brand 847,info847@shoes847.example.com,https://shoes847.example.com,shoes,https://shoes847.example.com/contact,0,1,1,1,15,28,6,0.0,Low,0
1108,Fashion Brand 848,info848@fashion848.example.com,https://fashion848.example.com,fashion,https://fashion848.example.com/contact,1,1,1,1,17,30,3,100.0,High,1
1109,Sportswear Brand 849,info849@sportswear849.example.com,https://sportswear849.example.com,sportswear,https://sportswear849.example.com/contact,0,1,1,1,20,33,8,0.0,Low,0
1110,Headwear Brand 850,info850@headwear850.example.com,https://headwear850.example.com,headwear,https://headwear850.example.com/contact,1,1,1,1,18,31,4,100.0,High,1
1111,Fashion Brand 851,info851@fashion851.example.com,https://fashion851.example.com,fashion,https://fashion851.example.com/contact,1,1,1,1,17,30,3,100.0,High,1
1112,Shoes Brand 852,info852@shoes852.example.com,https://shoes852.example.com,shoes,https://shoes852.example.com/contact,0,1,1,1,15,28,6,0.0,Low,0
1113,Headwear Brand 853,info853@headwear853.example.com,https://headwear853.example.com,headwear,https://headwear853.example.com/contact,1,1,1,1,18,31,4,100.0,High,1
1114,Fashion Brand 854,info854@fashion854.example.com,https://fashion854.example.com,fashion,https://fashion854.example.com/contact,1,1,1,1,17,30,3,100.0,High,1
1115,Clothing Brand 855,info855@clothing855.example.com,https://clothing855.example.com,clothing,https://clothing855.example.com/contact,1,1,1,1,18,31,2,100.0,High,1
1116,Clothing Brand 856,info856@clothing856.example.com,https://clothing856.example.com,clothing,https://clothing856.example.com/contact,1,1,1,1,18,31,2,100.0,High,1
1117,Headwear Brand 857,info857@headwear857.example.com,https://headwear857.example.com,headwear,https://headwear857.example.com/contact,1,1,1,1,18,31,4,100.0,High,1
1118,Headwear Brand 858,info858@headwear858.example.com,https://headwear858.example.com,headwear,https://headwear858.example.com/contact,1,1,1,1,18,31,4,100.0,High,1
1119,Jewellery Brand 859,info859@jewellery859.example.com,https://jewellery859.example.com,jewellery,https://jewellery859.example.com/contact,0,1,1,1,19,32,5,0.0,Low,0
1120,Fashion Brand 860,info860@fashion860.example.com,https://fashion860.example.com,fashion,https://fashion860.example.com/contact,1,1,1,1,17,30,3,100.0,High,1
1121,Shoes Brand 861,info861@shoes861.example.com,https://shoes861.example.com,shoes,https://shoes861.example.com/contact,0,1,1,1,15,28,6,0.0,Low,0
1122,Skincare Brand 862,info862@skincare862.example.com,https://skincare862.example.com,skincare,https://skincare862.example.com/contact,0,1,1,1,18,31,7,0.0,Low,0
1123,Clothing Brand 863,info863@clothing863.example.com,https://clothing863.example.com,clothing,https://clothing863.example.com/contact,1,1,1,1,18,31,2,100.0,High,1
1124,Shoes Brand 864,info864@shoes864.example.com,https://shoes864.example.com,shoes,https://shoes864.example.com/contact,0,1,1,1,15,28,6,0.0,Low,0
1125,Beauty Brand 865,info865@beauty865.example.com,https://beauty865.example.com,beauty,https://beauty865.example.com/contact,0,1,1,1,16,29,1,0.0,Low,0
1126,Beauty Brand 866,info866@beauty866.example.com,https://beauty866.example.com,beauty,https://beauty866.example.com/contact,0,1,1,1,16,29,1,0.0,Low,0
1127,Shoes Brand 867,info867@shoes867.example.com,https://shoes867.example.com,shoes,https://shoes867.example.com/contact,0,1,1,1,15,28,6,0.0,Low,0
1128,Bags Brand 868,info868@bags868.example.com,https://bags868.example.com,bags,https://bags868.example.com/contact,0,1,1,1,14,27,0,0.0,Low,0
1129,Shoes Brand 869,info869@shoes869.example.com,https://shoes869.example.com,shoes,https://shoes869.example.com/contact,0,1,1,1,15,28,6,0.0,Low,0
1130,Beauty Brand 870,info870@beauty870.example.com,https://beauty870.example.com,beauty,https://beauty870.example.com/contact,0,1,1,1,16,29,1,0.0,Low,0
1131,Bags Brand 871,info871@bags871.example.com,https://bags871.example.com,bags,https://bags871.example.com/contact,0,1,1,1,14,27,0,0.0,Low,0
1132,Headwear Brand 872,info872@headwear872.example.com,https://headwear872.example.com,headwear,https://headwear872.example.com/contact,1,1,1,1,18,31,4,100.0,High,1
1133,Shoes Brand 873,info873@shoes873.example.com,https://shoes873.example.com,shoes,https://shoes873.example.com/contact,0,1,1,1,15,28,6,0.0,Low,0
1134,Clothing Brand 874,info874@clothing874.example.com,https://clothing874.example.com,clothing,https://clothing874.example.com/contact,1,1,1,1,18,31,2,100.0,High,1
1135,Beauty Brand 875,info875@beauty875.example.com,https://beauty875.example.com,beauty,https://beauty875.example.com/contact,0,1,1,1,16,29,1,0.0,Low,0
1136,Shoes Brand 876,info876@shoes876.example.com,https://shoes876.example.com,shoes,https://shoes876.example.com/contact,0,1,1,1,15,28,6,0.0,Low,0
1137,Clothing Brand 877,info877@clothing877.example.com,https://clothing877.example.com,clothing,https://clothing877.example.com/contact,1,1,1,1,18,31,2,100.0,High,1
1138,Jewellery Brand 878,info878@jewellery878.example.com,https://jewellery878.example.com,jewellery,https://jewellery878.example.com/contact,0,1,1,1,19,32,5,0.0,Low,0
1139,Jewellery Brand 879,info879@jewellery879.example.com,https://jewellery879.example.com,jewellery,https://jewellery879.example.com/contact,0,1,1,1,19,32,5,0.0,Low,0
1140,Fashion Brand 880,info880@fashion880.example.com,https://fashion880.example.com,fashion,https://fashion880.example.com/contact,1,1,1,1,17,30,3,100.0,High,1
1141,Clothing Brand 881,info881@clothing881.example.com,https://clothing881.example.com,clothing,https://clothing881.example.com/contact,1,1,1,1,18,31,2,100.0,High,1
1142,Headwear Brand 882,info882@headwear882.example.com,https://headwear882.example.com,headwear,https://headwear882.example.com/contact,1,1,1,1,18,31,4,100.0,High,1
1143,Jewellery Brand 883,info883@jewellery883.example.com,https://jewellery883.example.com,jewellery,https://jewellery883.example.com/contact,0,1,1,1,19,32,5,0.0,Low,0
1144,Beauty Brand 884,info884@beauty884.example.com,https://beauty884.example.com,beauty,https://beauty884.example.com/contact,0,1,1,1,16,29,1,0.0,Low,0
1145,Clothing Brand 885,info885@clothing885.example.com,https://clothing885.example.com,clothing,https://clothing885.example.com/contact,1,1,1,1,18,31,2,100.0,High,1
1146,Beauty Brand 886,info886@beauty886.example.com,https://beauty886.example.com,beauty,https://beauty886.example.com/contact,0,1,1,1,16,29,1,0.0,Low,0
1147,Beauty Brand 887,info887@beauty887.example.com,https://beauty887.example.com,beauty,https://beauty887.example.com/contact,0,1,1,1,16,29,1,0.0,Low,0
1148,Shoes Brand 888,info888@shoes888.example.com,https://shoes888.example.com,shoes,https://shoes888.example.com/contact,0,1,1,1,15,28,6,0.0,Low,0
1149,Beauty Brand 889,info889@beauty889.example.com,https://beauty889.example.com,beauty,https://beauty889.example.com/contact,0,1,1,1,16,29,1,0.0,Low,0
1150,Shoes Brand 890,info890@shoes890.example.com,https://shoes890.example.com,shoes,https://shoes890.example.com/contact,0,1,1,1,15,28,6,0.0,Low,0
1151,Beauty Brand 891,info891@beauty891.example.com,https://beauty891.example.com,beauty,https://beauty891.example.com/contact,0,1,1,1,16,29,1,0.0,Low,0
1152,Bags Brand 892,info892@bags892.example.com,https://bags892.example.com,bags,https://bags892.example.com/contact,0,1,1,1,14,27,0,0.0,Low,0
1153,Headwear Brand 893,info893@headwear893.example.com,https://headwear893.example.com,headwear,https://headwear893.example.com/contact,1,1,1,1,18,31,4,100.0,High,1
1154,Headwear Brand 894,info894@headwear894.example.com,https://headwear894.example.com,headwear,https://headwear894.example.com/contact,1,1,1,1,18,31,4,100.0,High,1
1155,Shoes Brand 895,info895@shoes895.example.com,https://shoes895.example.com,shoes,https://shoes895.example.com/contact,0,1,1,1,15,28,6,0.0,Low,0
1156,Fashion Brand 896,info896@fashion896.example.com,https://fashion896.example.com,fashion,https://fashion896.example.com/contact,1,1,1,1,17,30,3,100.0,High,1
1157,Beauty Brand 897,info897@beauty897.example.com,https://beauty897.example.com,beauty,https://beauty897.example.com/contact,0,1,1,1,16,29,1,0.0,Low,0
1158,Sportswear Brand 898,info898@sportswear898.example.com,https://sportswear898.example.com,sportswear,https://sportswear898.example.com/contact,0,1,1,1,20,33,8,0.0,Low,0
1159,Clothing Brand 899,info899@clothing899.example.com,https://clothing899.example.com,clothing,https://clothing899.example.com/contact,1,1,1,1,18,31,2,100.0,High,1
1160,Fashion Brand 900,info900@fashion900.example.com,https://fashion900.example.com,fashion,https://fashion900.example.com/contact,1,1,1,1,17,30,3,100.0,High,1
1161,Skincare Brand 901,info901@skincare901.example.com,https://skincare901.example.com,skincare,https://skincare901.example.com/contact,0,1,1,1,18,31,7,0.0,Low,0
1162,Bags Brand 902,info902@bags902.example.com,https://bags902.example.com,bags,https://bags902.example.com/contact,0,1,1,1,14,27,0,0.0,Low,0
1163,Skincare Brand 903,info903@skincare903.example.com,https://skincare903.example.com,skincare,https://skincare903.example.com/contact,0,1,1,1,18,31,7,0.0,Low,0
1164,Headwear Brand 904,info904@headwear904.example.com,https://headwear904.example.com,headwear,https://headwear904.example.com/contact,1,1,1,1,18,31,4,100.0,High,1
1165,Sportswear Brand 905,info905@sportswear905.example.com,https://sportswear905.example.com,sportswear,https://sportswear905.example.com/contact,0,1,1,1,20,33,8,0.0,Low,0
1166,Clothing Brand 906,info906@clothing906.example.com,https://clothing906.example.com,clothing,https://clothing906.example.com/contact,1,1,1,1,18,31,2,100.0,High,1
1167,Skincare Brand 907,info907@skincare907.example.com,https://skincare907.example.com,skincare,https://skincare907.example.com/contact,0,1,1,1,18,31,7,0.0,Low,0
1168,Sportswear Brand 908,info908@sportswear908.example.com,https://sportswear908.example.com,sportswear,https://sportswear908.example.com/contact,0,1,1,1,20,33,8,0.0,Low,0
1169,Headwear Brand 909,info909@headwear909.example.com,https://headwear909.example.com,headwear,https://headwear909.example.com/contact,1,1,1,1,18,31,4,100.0,High,1
1170,Fashion Brand 910,info910@fashion910.example.com,https://fashion910.example.com,fashion,https://fashion910.example.com/contact,1,1,1,1,17,30,3,100.0,High,1
1171,Jewellery Brand 911,info911@jewellery911.example.com,https://jewellery911.example.com,jewellery,https://jewellery911.example.com/contact,0,1,1,1,19,32,5,0.0,Low,0
1172,Clothing Brand 912,info912@clothing912.example.com,https://clothing912.example.com,clothing,https://clothing912.example.com/contact,1,1,1,1,18,31,2,100.0,High,1
1173,Skincare Brand 913,info913@skincare913.example.com,https://skincare913.example.com,skincare,https://skincare913.example.com/contact,0,1,1,1,18,31,7,0.0,Low,0
1174,Skincare Brand 914,info914@skincare914.example.com,https://skincare914.example.com,skincare,https://skincare914.example.com/contact,0,1,1,1,18,31,7,0.0,Low,0
1175,Skincare Brand 915,info915@skincare915.example.com,https://skincare915.example.com,skincare,https://skincare915.example.com/contact,0,1,1,1,18,31,7,0.0,Low,0
1176,Skincare Brand 916,info916@skincare916.example.com,https://skincare916.example.com,skincare,https://skincare916.example.com/contact,0,1,1,1,18,31,7,0.0,Low,0
1177,Headwear Brand 917,info917@headwear917.example.com,https://headwear917.example.com,headwear,https://headwear917.example.com/contact,1,1,1,1,18,31,4,100.0,High,1
1178,Clothing Brand 918,info918@clothing918.example.com,https://clothing918.example.com,clothing,https://clothing918.example.com/contact,1,1,1,1,18,31,2,100.0,High,1
1179,Clothing Brand 919,info919@clothing919.example.com,https://clothing919.example.com,clothing,https://clothing919.example.com/contact,1,1,1,1,18,31,2,100.0,High,1
1180,Headwear Brand 920,info920@headwear920.example.com,https://headwear920.example.com,headwear,https://headwear920.example.com/contact,1,1,1,1,18,31,4,100.0,High,1
1181,Shoes Brand 921,info921@shoes921.example.com,https://shoes921.example.com,shoes,https://shoes921.example.com/contact,0,1,1,1,15,28,6,0.0,Low,0
1182,Skincare Brand 922,info922@skincare922.example.com,https://skincare922.example.com,skincare,https://skincare922.example.com/contact,0,1,1,1,18,31,7,0.0,Low,0
1183,Clothing Brand 923,info923@clothing923.example.com,https://clothing923.example.com,clothing,https://clothing923.example.com/contact,1,1,1,1,18,31,2,100.0,High,1
1184,Bags Brand 924,info924@bags924.example.com,https://bags924.example.com,bags,https://bags924.example.com/contact,0,1,1,1,14,27,0,0.0,Low,0
1185,Jewellery Brand 925,info925@jewellery925.example.com,https://jewellery925.example.com,jewellery,https://jewellery925.example.com/contact,0,1,1,1,19,32,5,0.0,Low,0
1186,Shoes Brand 926,info926@shoes926.example.com,https://shoes926.example.com,shoes,https://shoes926.example.com/contact,0,1,1,1,15,28,6,0.0,Low,0
1187,Fashion Brand 927,info927@fashion927.example.com,https://fashion927.example.com,fashion,https://fashion927.example.com/contact,1,1,1,1,17,30,3,100.0,High,1
1188,Sportswear Brand 928,info928@sportswear928.example.com,https://sportswear928.example.com,sportswear,https://sportswear928.example.com/contact,0,1,1,1,20,33,8,0.0,Low,0
1189,Skincare Brand 929,info929@skincare929.example.com,https://skincare929.example.com,skincare,https://skincare929.example.com/contact,0,1,1,1,18,31,7,0.0,Low,0
1190,Beauty Brand 930,info930@beauty930.example.com,https://beauty930.example.com,beauty,https://beauty930.example.com/contact,0,1,1,1,16,29,1,0.0,Low,0
1191,Fashion Brand 931,info931@fashion931.example.com,https://fashion931.example.com,fashion,https://fashion931.example.com/contact,1,1,1,1,17,30,3,100.0,High,1
1192,Shoes Brand 932,info932@shoes932.example.com,https://shoes932.example.com,shoes,https://shoes932.example.com/contact,0,1,1,1,15,28,6,0.0,Low,0
1193,Skincare Brand 933,info933@skincare933.example.com,https://skincare933.example.com,skincare,https://skincare933.example.com/contact,0,1,1,1,18,31,7,0.0,Low,0
1194,Clothing Brand 934,info934@clothing934.example.com,https://clothing934.example.com,clothing,https://clothing934.example.com/contact,1,1,1,1,18,31,2,100.0,High,1
1195,Fashion Brand 935,info935@fashion935.example.com,https://fashion935.example.com,fashion,https://fashion935.example.com/contact,1,1,1,1,17,30,3,100.0,High,1
